datetime,tempmax,tempmin,temp,dew,humidity,precip,preciptype,windgust,windspeed,winddir,sealevelpressure,cloudcover,conditions,stations
2021-01-01,-8.8,-12.1,-11,-11.3,98,3,snow,,50.4,251.2,,11.7,Snow,15615099999
2021-01-02,-6.8,-11.6,-8.8,-13.3,73.2,0,,86.4,50.4,181.8,,37.5,Partially cloudy,15615099999
2021-01-03,-4.6,-8.3,-5.8,-5.9,99.1,3.2,snow,86.4,50.4,179.5,,40,"Snow, Partially cloudy",15615099999
2021-01-04,-5.1,-6.1,-5.5,-5.5,99.6,18.7,snow,122.4,57.6,156.4,,,Snow,15615099999
2021-01-05,-6.9,-11.8,-10,-10.8,93.6,5.7,snow,,36,273.5,,26.7,"Snow, Partially cloudy",15615099999
2021-01-06,-6.4,-10.9,-8,-8.6,95.8,0,,144,72,221.2,,80,Partially cloudy,15615099999
2021-01-07,-4.4,-7.1,-6,-6.2,98.4,1.3,snow,100.8,50.4,230.2,,,Snow,15615099999
2021-01-08,-2.1,-3.8,-2.8,-3,98.9,5,snow,122.4,72,220.8,,,Snow,15615099999
2021-01-09,-2.3,-3.3,-2.9,-3,98.8,1.7,snow,86.4,50.4,228.3,,,Snow,15615099999
2021-01-10,-0.8,-2.8,-1.9,-2,99.3,4.7,snow,144,86.4,241.2,,,Snow,15615099999
2021-01-11,-1.3,-3.1,-2,-2.1,99.6,6,"rain,snow",144,100.8,226.6,,,"Snow, Rain",15615099999
2021-01-12,-3.1,-9.8,-5.8,-5.9,99.3,12.5,snow,,43.2,255.3,,,"Snow, Fog",15615099999
2021-01-13,-11.4,-18.6,-14,-14,100,6.2,snow,,43.2,323.3,,,Snow,15615099999
2021-01-14,-15.8,-20.9,-18.4,-19.6,90.8,0.1,snow,72,50.4,297.5,,35,"Snow, Partially cloudy",15615099999
2021-01-15,-15.8,-21,-18.8,-20.8,84.2,0.4,snow,57.6,43.2,316.4,,40,"Snow, Partially cloudy",15615099999
2021-01-16,-17.5,-24.9,-20.3,-23,79.4,0,,,28.8,291.6,,91.7,Overcast,15615099999
2021-01-17,-23,-26.8,-24.7,-27.1,80.5,0.7,snow,,36,340,,30,"Snow, Partially cloudy",15615099999
2021-01-18,-18.5,-24.8,-21.5,-24.6,76.3,1,snow,,43.2,346.4,,20,Snow,15615099999
2021-01-19,-16.9,-20,-18.3,-20.5,83,0,,,36,357.3,,47.5,Partially cloudy,15615099999
2021-01-20,-7.6,-16.9,-11.6,-13.4,86.6,0,,64.8,43.2,344.9,,42,Partially cloudy,15615099999
2021-01-21,-8.6,-11.3,-9.6,-10.7,91.5,0,,,43.2,258.3,,76,Partially cloudy,15615099999
2021-01-22,-6.8,-8.6,-7.6,-8.5,93.3,0,,86.4,72,255.8,,95,Overcast,15615099999
2021-01-23,-6.6,-7.4,-7,-7.8,93.5,0.2,snow,122.4,86.4,199.1,,,Snow,15615099999
2021-01-24,-6.9,-9.9,-8.2,-9.2,92.3,6.9,snow,122.4,86.4,224.9,,55,"Snow, Partially cloudy",15615099999
2021-01-25,-6.4,-11.6,-9,-10.4,90,3,snow,144,100.8,233.4,,42.5,"Snow, Partially cloudy",15615099999
2021-01-26,-7.3,-13.6,-9,-10.1,91.6,0.9,snow,298.8,86.4,233.9,,,Snow,15615099999
2021-01-27,-17.5,-20.9,-19,-21.1,83.1,27.1,snow,,36,7.2,,,Snow,15615099999
2021-01-28,-16.1,-21.4,-19.7,-21.1,89.3,2,snow,72,50.4,326.7,,20,Snow,15615099999
2021-01-29,-6.8,-14.1,-9.4,-9.6,98.3,2,snow,72,50.4,290.3,,70,"Snow, Partially cloudy",15615099999
2021-01-30,-6.1,-11.1,-8.9,-9.6,94.8,9,snow,72,50.4,302.1,,30,"Snow, Partially cloudy",15615099999
2021-01-31,-4.6,-10.8,-7.1,-8.5,90.1,0,,144,86.4,211.2,,80,Partially cloudy,15615099999
2021-02-01,-4.4,-6.9,-6,-6.9,93,7.4,snow,122.4,72,212.1,,,Snow,15615099999
2021-02-02,-3.6,-6.6,-5.4,-6.1,94.5,0.4,snow,,36,224.9,,,"Snow, Fog",15615099999
2021-02-03,-4.6,-7.3,-6,-8.1,85.1,0,,,36,277.6,,28,Partially cloudy,15615099999
2021-02-04,-3.8,-5.9,-4.6,-5.9,91.4,0,,72,50.4,284.9,,23.3,Partially cloudy,15615099999
2021-02-05,-1.8,-5.1,-3.1,-9.7,61.4,0,,,50.4,288.2,,47.1,Partially cloudy,15615099999
2021-02-06,0.9,-2.1,-0.6,-6.3,65.9,0,,,50.4,273.1,,61.3,Partially cloudy,15615099999
2021-02-07,-0.1,-2.3,-1,-7.1,63.9,0,,144,122.4,243.1,,70,Partially cloudy,15615099999
2021-02-08,-2.3,-6.3,-4.5,-5.7,91.7,0.4,snow,144,144,211.4,,86.7,"Snow, Partially cloudy",15615099999
2021-02-09,-4.9,-7.3,-6.2,-7.1,93.9,1,snow,72,64.8,230.3,,,"Snow, Fog",15615099999
2021-02-10,-6.8,-7.8,-7.2,-8.1,93.3,0.2,snow,57.6,50.4,270,,80,"Snow, Partially cloudy",15615099999
2021-02-11,-4.6,-4.6,-4.6,-5.1,96.3,0,,144,122.4,230,,,Clear,15615099999
2021-02-12,,,,,,,,,0,,,,,
2021-02-13,-12.6,-14.3,-13.6,-13.6,100,0.2,snow,100.8,72,230,,,Snow,15615099999
2021-02-14,-16.3,-24.8,-20.9,-21,99.1,8.8,snow,,43.2,104.3,,,Snow,15615099999
2021-02-15,-21.5,-24.6,-22.9,-23.8,93.1,14.2,snow,,28.8,39.4,,,Snow,15615099999
2021-02-16,-17.4,-23.8,-21.1,-24.1,78.7,12.4,snow,,50.4,37.1,,33.3,"Snow, Partially cloudy",15615099999
2021-02-17,-10.4,-16.6,-13.1,-15.6,82.9,0.2,snow,,43.2,5.9,,50,"Snow, Partially cloudy",15615099999
2021-02-18,-11.8,-12.9,-12.3,-12.5,98.9,31.4,snow,,50.4,330.8,,,Snow,15615099999
2021-02-19,-9.8,-12.9,-12,-13.5,89.3,0.4,snow,,50.4,344.7,,55,"Snow, Partially cloudy",15615099999
2021-02-20,,,,,,,,,0,,,,,
2021-02-21,-3.8,-4.8,-4.1,-13.4,48.7,0,,,28.8,216.9,,55,Partially cloudy,15615099999
2021-02-22,0.6,-2.1,-0.5,-8,58.6,0,,,28.8,40.7,,41.7,Partially cloudy,15615099999
2021-02-23,0.9,-0.6,0,-9.6,49.3,0,,,36,20.7,,,Clear,15615099999
2021-02-24,-0.9,-6.1,-2.6,-11.4,52.3,0,,,43.2,33.7,,73.3,Partially cloudy,15615099999
2021-02-25,0.7,-6.6,-2.6,-6.7,75.5,0.1,snow,,43.2,55.4,,50,"Snow, Partially cloudy",15615099999
2021-02-26,1.9,-1.4,0.3,-7.9,55.7,0,,,21.6,5.7,,10,Clear,15615099999
2021-02-27,-1.8,-7.9,-3.7,-9.5,67.2,0,,,21.6,338.9,,26.7,Partially cloudy,15615099999
2021-02-28,-8.9,-11.1,-10.2,-16.4,64.3,0,,,36,345.7,,25,Partially cloudy,15615099999
2021-03-01,-10.3,-14.3,-11.7,-17.1,68.2,3,snow,,36,346.6,,45,"Snow, Partially cloudy",15615099999
2021-03-02,-9.9,-15.1,-12.6,-16.2,76.5,1,snow,86.4,43.2,26.8,,30,"Snow, Partially cloudy",15615099999
2021-03-03,-3.6,-8.6,-5.6,-14.5,50.4,0,,64.8,43.2,56.3,,,Clear,15615099999
2021-03-04,-1.1,-5.3,-3.6,-14.9,41.4,0,,,36,328.2,,7.5,Clear,15615099999
2021-03-05,-3.8,-7.6,-5.3,-14.4,51.2,0,,,36,270.6,,41.4,Partially cloudy,15615099999
2021-03-06,-6.9,-11.9,-9.4,-10.3,93.3,0.3,snow,,50.4,261.3,,85,"Snow, Partially cloudy",15615099999
2021-03-07,-9.6,-15.1,-12.2,-18.1,66.7,0,,,36,302.6,,10,Clear,15615099999
2021-03-08,-9.3,-13.3,-11.4,-11.9,95.9,0.1,snow,64.8,50.4,292.2,,30,"Snow, Partially cloudy",15615099999
2021-03-09,-7.6,-13.3,-9.7,-9.7,99.7,1.2,snow,,50.4,249.4,,55,"Snow, Partially cloudy",15615099999
2021-03-10,-4.9,-8.9,-6.8,-6.8,100,1.6,snow,72,50.4,240.8,,,Snow,15615099999
2021-03-11,-7.3,-15.3,-12,-13.5,89.2,1,snow,,36,22.5,,23.3,"Snow, Partially cloudy",15615099999
2021-03-12,-3.6,-7.6,-6.2,-10.9,75.8,0,,,36,308.9,,64,Partially cloudy,15615099999
2021-03-13,-5.1,-7.9,-6.2,-6.3,99.1,0,,,28.8,299.1,,55,Partially cloudy,15615099999
2021-03-14,-3.4,-8.3,-6.1,-8.6,84.1,0,,,36,239.6,,40,Partially cloudy,15615099999
2021-03-15,-5.8,-12.6,-8.4,-8.4,99.5,0.7,snow,,43.2,214,,,Snow,15615099999
2021-03-16,-12.9,-14.6,-14,-14.2,99,15.4,snow,,50.4,322.5,,,Snow,15615099999
2021-03-17,-14.1,-14.8,-14.5,-14.7,98.4,23,snow,100.8,72,333.3,,,Snow,15615099999
2021-03-18,-13.1,-15.6,-14.4,-15.2,94.2,13,snow,,50.4,330.7,,60,"Snow, Partially cloudy",15615099999
2021-03-19,-7.8,-14.6,-12.2,-13.1,92.7,0.4,snow,,43.2,247.8,,,Snow,15615099999
2021-03-20,-5.9,-13.1,-10.3,-11.1,93.9,1,snow,,50.4,208.1,,,Snow,15615099999
2021-03-21,-5.6,-9.3,-7.2,-8.2,93,1.4,snow,100.8,72,202.7,,,Snow,15615099999
2021-03-22,-5.6,-15.8,-7.8,-7.9,99.5,1.8,snow,122.4,72,186.6,,,Snow,15615099999
2021-03-23,-14.3,-17.3,-15.7,-16.1,96.5,2.6,snow,,43.2,24.1,,,Snow,15615099999
2021-03-24,-16.3,-21.1,-18.6,-19,97.3,23.1,snow,,43.2,353.9,,,Snow,15615099999
2021-03-25,-13.3,-19.9,-17.1,-19.1,87.1,0,,,36,7.4,,,Clear,15615099999
2021-03-26,-8.1,-15.8,-12.6,-16.6,76.2,0,,,36,18.2,,30,Partially cloudy,15615099999
2021-03-27,-3.8,-7.4,-6.3,-16.3,47.8,0,,,28.8,359.2,,22,Partially cloudy,15615099999
2021-03-28,-5.6,-8.6,-7.2,-9.1,86.5,1,snow,,28.8,351.2,,43.3,"Snow, Partially cloudy",15615099999
2021-03-29,-8.1,-9.3,-8.4,-9.9,89.1,0.6,snow,,28.8,328.2,,40,"Snow, Partially cloudy",15615099999
2021-03-30,-7.9,-10.8,-9.9,-11.4,87.7,1,snow,,36,5.4,,55,"Snow, Partially cloudy",15615099999
2021-03-31,-7.6,-12.3,-10.9,-12.9,86.1,0,,86.4,64.8,20,,40,Partially cloudy,15615099999
2021-04-01,-5.8,-10.8,-7.8,-9.9,85.1,0,,72,50.4,12.3,,36,Partially cloudy,15615099999
2021-04-02,-2.8,-7.4,-4.7,-5.8,92.2,0.3,snow,,36,310.6,,53.3,"Snow, Partially cloudy",15615099999
2021-04-03,-2.4,-4.1,-3.5,-4.3,94.1,8,snow,,50.4,247,,,Snow,15615099999
2021-04-04,-3.8,-5.8,-4.7,-5.8,92.1,4,snow,64.8,64.8,229.6,,,Snow,15615099999
2021-04-05,-7.8,-13.9,-10.3,-12.4,84.5,0.6,snow,,36,248.7,,15,Snow,15615099999
2021-04-06,-4.4,-8.6,-6.6,-10.9,72.4,0,,,50.4,231.8,,40,Partially cloudy,15615099999
2021-04-07,-5.8,-8.8,-7,-8.2,90.6,1,snow,144,122.4,245,,,Snow,15615099999
2021-04-08,-9.9,-17.9,-14.8,-17.1,82.6,9.6,snow,,50.4,311.1,,,Snow,15615099999
2021-04-09,-8.8,-17.1,-14.3,-16.5,83.6,1.8,snow,,36,345.9,,50,"Snow, Partially cloudy",15615099999
2021-04-10,-6.1,-16.8,-10.1,-14.5,70.9,0,,,36,351.7,,30,Partially cloudy,15615099999
2021-04-11,-2.4,-9.8,-6.6,-9.6,80.4,0,,,28.8,334.8,,25,Partially cloudy,15615099999
2021-04-12,-0.8,-4.6,-2.8,-4.8,86.5,0,,,36,336,,40,Partially cloudy,15615099999
2021-04-13,-0.6,-5.1,-2.5,-2.7,98.6,3,"rain,snow",,36,248.6,,40,"Snow, Rain, Partially cloudy",15615099999
2021-04-14,-5.8,-8.4,-7.2,-7.2,100,14,snow,,50.4,269.5,,,Snow,15615099999
2021-04-15,-7.8,-12.6,-10.3,-10.6,97.7,0.1,snow,,50.4,234,,26,"Snow, Partially cloudy",15615099999
2021-04-16,-8.6,-12.9,-10.6,-11.7,92.6,0,,,50.4,243.5,,60,Partially cloudy,15615099999
2021-04-17,-0.8,-7.3,-3.5,-3.6,98.9,0.4,snow,,50.4,195.7,,,Snow,15615099999
2021-04-18,-1.1,-6.1,-2.6,-3.3,94.8,0.6,snow,,64.8,194.1,,,Snow,15615099999
2021-04-19,-3.8,-6.8,-5.7,-6.7,92.5,6,snow,,36,225.6,,,Snow,15615099999
2021-04-20,-5.8,-9.8,-7.8,-9.1,90.4,4,snow,,36,305.2,,,Snow,15615099999
2021-04-21,-3.4,-9.1,-7.1,-8.5,89.5,0.6,snow,,21.6,275.1,,80,"Snow, Partially cloudy",15615099999
2021-04-22,-3.6,-8.1,-6.1,-7.3,91.2,0.6,snow,,21.6,243.9,,70,"Snow, Partially cloudy",15615099999
2021-04-23,-0.9,-5.1,-3.8,-5,90.9,4.5,"rain,snow",,28.8,256.7,,,"Snow, Rain",15615099999
2021-04-24,-0.6,-5.4,-3.8,-5,91.3,0,,,21.6,256,,66.7,Partially cloudy,15615099999
2021-04-25,-2.1,-6.6,-4.5,-7.9,79.7,0,,,36,307.7,,22,Partially cloudy,15615099999
2021-04-26,-1.1,-7.3,-4.6,-7.4,81.2,0,,,36,325.1,,38.6,Partially cloudy,15615099999
2021-04-27,0.2,-3.4,-1.9,-4.7,82.3,0.6,snow,86.4,64.8,254.2,,78,"Snow, Partially cloudy",15615099999
2021-04-28,2.7,-1.3,0.2,-1.5,88.6,0.3,"rain,snow",90,64.8,245.5,,38.3,"Snow, Rain, Partially cloudy",15615099999
2021-04-29,2.4,-1.4,0.4,-3.3,76.6,0,,86.4,64.8,263.1,,36.3,Partially cloudy,15615099999
2021-04-30,4.7,0.4,2.4,-1.7,74.9,0,,122.4,72,265,,88.8,Partially cloudy,15615099999
2021-05-01,7.1,4.2,5.2,-2.1,60.4,0,,,57.6,251.7,,77.5,Partially cloudy,15615099999
2021-05-02,6.4,4.1,5.1,0.5,72.8,0,,316.8,100.8,240.6,,90,Partially cloudy,15615099999
2021-05-03,2.9,-0.8,1.4,-3.1,73.2,0,,,50.4,255,,86.3,Partially cloudy,15615099999
2021-05-04,1.4,-2.1,-0.6,-1.8,91.9,0,,,28.8,231.3,,75,Partially cloudy,15615099999
2021-05-05,0.2,-2.1,-1,-1.6,95.5,0.7,"rain,snow",,43.2,240.4,,60,"Snow, Rain, Partially cloudy",15615099999
2021-05-06,2.1,-3.6,-1.1,-2.6,90.1,0.2,snow,,28.8,268.9,,33.3,"Snow, Partially cloudy",15615099999
2021-05-07,2.6,-0.1,1.3,-5.5,61.9,0,,,50.4,239.8,,65,Partially cloudy,15615099999
2021-05-08,0.2,-3.8,-0.9,-2.7,87.7,0,,,36,272.2,,70,Partially cloudy,15615099999
2021-05-09,2.7,-4.9,-0.9,-11.9,45.6,0,,,28.8,310.3,,30,Partially cloudy,15615099999
2021-05-10,6.1,-7.1,2.6,-4.6,60.7,0,,,21.6,319.2,,30,Partially cloudy,15615099999
2021-05-11,7.1,2.9,4.7,-2.7,60.1,0,,,21.6,308,,23.3,Partially cloudy,15615099999
2021-05-12,5.6,0.7,3.1,1.2,87.6,0,,,36,275.6,,50,Partially cloudy,15615099999
2021-05-13,1.1,-3.1,-1.1,-2.1,93.4,0.3,snow,,43.2,247.3,,50,"Snow, Partially cloudy",15615099999
2021-05-14,-0.9,-4.4,-3,-3.9,93.9,0.2,snow,,50.4,252.4,,50,"Snow, Partially cloudy",15615099999
2021-05-15,-1.4,-3.3,-2.4,-2.9,96.6,5,snow,,50.4,197.8,,40,"Snow, Partially cloudy",15615099999
2021-05-16,-0.9,-2.6,-1.6,-1.6,99.5,16.4,"rain,snow",,36,342.3,,,"Snow, Rain",15615099999
2021-05-17,1.2,-2.1,-0.6,-0.6,99.7,0.7,"rain,snow",72,50.4,272.4,,50,"Snow, Rain, Partially cloudy",15615099999
2021-05-18,0.6,-3.9,-2.5,-2.7,98.5,0.2,"rain,snow",72,50.4,282.7,,50,"Snow, Rain, Partially cloudy",15615099999
2021-05-19,2.9,-3.6,-0.5,-4.5,76.4,0,,,50.4,249.3,,42.9,Partially cloudy,15615099999
2021-05-20,0.2,-4.3,-2.5,-3.2,94.7,3,snow,,50.4,256.5,,100,"Snow, Overcast",15615099999
2021-05-21,-2.8,-5.9,-4.3,-5.2,93.3,14.4,snow,,36,325.5,,,Snow,15615099999
2021-05-22,3.9,-5.9,-0.3,-6.6,65.3,0,,,28.8,293.1,,52.5,Partially cloudy,15615099999
2021-05-23,8.2,1.2,4.9,-0.7,67.2,0,,,36,288.7,,52.5,Partially cloudy,15615099999
2021-05-24,10.2,2.4,6.5,2.3,74.7,0,,,50.4,273.9,,65,Partially cloudy,15615099999
2021-05-25,9.9,7.1,8.2,3.3,71.3,0,,,43.2,210.5,,68.3,Partially cloudy,15615099999
2021-05-26,7.6,4.4,5.8,2.9,81.6,13,rain,,36,160.7,,50,"Rain, Partially cloudy",15615099999
2021-05-27,6.2,2.1,4,1,81.6,8,rain,,28.8,165.6,,88,"Rain, Partially cloudy",15615099999
2021-05-28,1.7,-2.3,-0.2,-1.3,94.6,3.3,"rain,snow",,43.2,311.4,,90,"Snow, Rain, Partially cloudy",15615099999
2021-05-29,3.2,-2.8,-0.5,-2.1,91,0,,,36,310.8,,,Clear,15615099999
2021-05-30,1.1,-1.1,-0.2,-0.6,97.3,0.4,"rain,snow",,43.2,254.4,,80,"Snow, Rain, Partially cloudy",15615099999
2021-05-31,-0.8,-4.4,-2.2,-2.2,100,13,"rain,snow",,21.6,287.7,,,"Snow, Rain",15615099999
2021-06-01,-4.1,-6.1,-5.1,-5.1,100,18,snow,,28.8,328.9,,,Snow,15615099999
2021-06-02,-2.4,-4.9,-3.6,-3.8,98.8,3,snow,,43.2,336.6,,,Snow,15615099999
2021-06-03,-0.1,-4.8,-3,-3.6,95.4,0,,,43.2,324,,70,Partially cloudy,15615099999
2021-06-04,0.9,-4.1,-1.6,-2.7,92.3,0,,,21.6,292,,,Clear,15615099999
2021-06-05,2.7,-1.8,0.2,-1.9,86.3,0,,,36,357.6,,57.5,Partially cloudy,15615099999
2021-06-06,2.9,-4.8,1.1,1.4,96.6,2.2,"rain,snow",,43.2,321.7,,65,"Snow, Rain, Partially cloudy",15615099999
2021-06-07,3.7,0.9,2.1,1.7,97.1,5.7,"rain,snow",,28.8,337.5,,100,"Snow, Rain, Overcast",15615099999
2021-06-08,2.7,0.4,1.2,0.4,94.5,10.5,"rain,snow",,21.6,48.3,,90,"Snow, Rain, Partially cloudy",15615099999
2021-06-09,2.7,0.1,1.3,0,91.3,0.1,rain,,21.6,50,,67.1,"Rain, Partially cloudy",15615099999
2021-06-10,2.9,0.1,1.4,0.1,91.5,6.4,"rain,snow",,21.6,50,,50,"Snow, Rain, Partially cloudy",15615099999
2021-06-11,1.7,-0.8,0.6,-0.1,95,2.4,"rain,snow",,21.6,14.4,,45,"Snow, Rain, Partially cloudy",15615099999
2021-06-12,0.9,-0.4,0.1,-0.1,98.5,2.8,"rain,snow",,21.6,358.8,,100,"Snow, Rain, Overcast",15615099999
2021-06-13,1.7,-0.6,0.3,0.3,100,11.2,"rain,snow",,36,354.3,,,"Snow, Rain",15615099999
2021-06-14,-2.1,-4.1,-3.2,-3.6,96.9,15,snow,,36,17.5,,,Snow,15615099999
2021-06-15,-0.6,-4.3,-2.7,-3,97.5,6.3,"rain,snow",,21.6,28.1,,,"Snow, Rain",15615099999
2021-06-16,2.7,-2.3,0.9,0.7,98.5,0.4,"rain,snow",,36,39.7,,,"Snow, Rain",15615099999
2021-06-17,4.2,1.9,3,2.9,99,3,"rain,snow",,28.8,23.4,,,"Snow, Rain, Fog",15615099999
2021-06-18,3.9,1.7,2.8,2.2,96,6,rain,,28.8,13,,40,"Rain, Partially cloudy",15615099999
2021-06-19,4.2,3.2,3.5,3.3,98.3,6.2,rain,,36,6.3,,,Rain,15615099999
2021-06-20,4.7,2.2,3.2,2.9,97.9,0.3,rain,,36,356.1,,,Rain,15615099999
2021-06-21,8.7,2.2,4.7,3.3,91,0,,,36,328,,65.7,Partially cloudy,15615099999
2021-06-22,9.2,6.7,7.8,7.3,96.5,1,rain,,36,331.5,,50,"Rain, Partially cloudy",15615099999
2021-06-23,9.9,7.6,8.6,6.9,89.4,0,,,36,342.5,,54,Partially cloudy,15615099999
2021-06-24,12.7,7.1,10.2,4.8,71.6,0,,,36,14.2,,20,Clear,15615099999
2021-06-25,14.2,9.9,11.6,5.8,68.7,0,,,36,336.7,,32.5,Partially cloudy,15615099999
2021-06-26,12.1,5.4,9.5,4.8,73.1,5,rain,,50.4,299.8,,43.3,"Rain, Partially cloudy",15615099999
2021-06-27,9.6,5.9,7.6,6,90.1,10,rain,,28.8,306.2,,32.5,"Rain, Partially cloudy",15615099999
2021-06-28,10.9,4.9,7.4,0.1,61.9,0,,,36,312.2,,23.3,Partially cloudy,15615099999
2021-06-29,13.7,6.4,9.5,4.9,74.8,0,,,36,312.9,,32,Partially cloudy,15615099999
2021-06-30,15.7,8.7,11.9,4.9,63.6,0,,,36,287.6,,30,Partially cloudy,15615099999
2021-07-01,14.1,8.4,11.3,3.7,61,6,rain,,50.4,258.3,,50,"Rain, Partially cloudy",15615099999
2021-07-02,7.4,3.2,5.3,3.8,90.9,2,rain,,28.8,337.6,,42.5,"Rain, Partially cloudy",15615099999
2021-07-03,2.2,0.4,1.2,0.9,97.9,0.4,"rain,snow",,36,338.8,,,"Snow, Rain",15615099999
2021-07-04,5.1,1.2,2.5,1.8,95.5,0,,,36,331.4,,80,Partially cloudy,15615099999
2021-07-05,5.4,2.2,4,3.3,95.1,0,,,36,315.8,,55,Partially cloudy,15615099999
2021-07-06,7.1,3.4,5.4,4.7,95,0,,,28.8,7.2,,80,Partially cloudy,15615099999
2021-07-07,9.6,5.1,7.6,4.7,83.3,0,,,21.6,25.2,,56.7,Partially cloudy,15615099999
2021-07-08,8.7,6.7,7.7,6.2,90.7,0.2,rain,,21.6,46.4,,35,"Rain, Partially cloudy",15615099999
2021-07-09,11.9,6.2,8.5,4.7,78,0,,,36,45,,45,Partially cloudy,15615099999
2021-07-10,9.4,6.7,8,5.7,86.2,0,,,28.8,37,,42.5,Partially cloudy,15615099999
2021-07-11,11.9,4.2,7.6,4.4,81.8,0,,,21.6,238.1,,55,Partially cloudy,15615099999
2021-07-12,9.2,4.4,7.3,4.4,82.3,0,,,21.6,15,,44.3,Partially cloudy,15615099999
2021-07-13,11.7,6.2,9.2,5.7,78.6,0,,,21.6,339.2,,30,Partially cloudy,15615099999
2021-07-14,15.2,7.4,11.5,5.4,69.6,0,,,28.8,352.8,,16.7,Clear,15615099999
2021-07-15,16.2,9.9,12.3,7.3,73.9,15,rain,,28.8,354.6,,56.7,"Rain, Partially cloudy",15615099999
2021-07-16,12.7,8.7,11.2,6.5,74.4,0,,,21.6,136,,41.7,Partially cloudy,15615099999
2021-07-17,11.4,7.2,8.9,3.8,71.8,0,,,28.8,110.1,,32,Partially cloudy,15615099999
2021-07-18,9.9,5.9,7.8,6,88.6,7,rain,,36,75.7,,60,"Rain, Partially cloudy",15615099999
2021-07-19,8.7,5.7,7.2,6.2,93.7,3.4,rain,,43.2,101.8,,70,"Rain, Partially cloudy",15615099999
2021-07-20,10.6,5.4,7.5,6.4,93,0.6,rain,,21.6,257,,37.5,"Rain, Partially cloudy",15615099999
2021-07-21,6.9,2.4,4.5,2.5,88,0,,,36,322,,25,Partially cloudy,15615099999
2021-07-22,5.4,0.7,2.8,1.9,93.6,0,,,28.8,24.2,,80,Partially cloudy,15615099999
2021-07-23,4.4,1.9,3.5,2.5,93.5,0,,,21.6,337.8,,63.3,Partially cloudy,15615099999
2021-07-24,4.4,1.7,3.3,2,91.2,0,,,14.4,38.1,,30,Partially cloudy,15615099999
2021-07-25,10.7,3.1,6.3,-0.3,64.7,0,,,21.6,16.8,,22,Partially cloudy,15615099999
2021-07-26,13.7,7.4,10.4,2.5,58.4,0,,,36,15.2,,16.7,Clear,15615099999
2021-07-27,15.7,9.4,12.4,5.8,65,0,,,21.6,350,,18,Clear,15615099999
2021-07-28,16.4,10.4,12.9,3.4,53.3,0,,,21.6,353.9,,40,Partially cloudy,15615099999
2021-07-29,16.7,10.4,13.5,3,49.7,0,,,21.6,342.8,,32.9,Partially cloudy,15615099999
2021-07-30,17.2,11.2,13.5,3.3,50.7,0,,,21.6,266.3,,28,Partially cloudy,15615099999
2021-07-31,14.2,10.7,12.3,4.8,60.6,0.4,rain,,21.6,253.7,,70,"Rain, Partially cloudy",15615099999
2021-08-01,17.9,9.4,13.1,3.9,55,0,,,28.8,275.5,,26,Partially cloudy,15615099999
2021-08-02,16.4,11.4,13.6,1,43,0,,144,64.8,266.9,,40,Partially cloudy,15615099999
2021-08-03,13.4,8.4,11.1,-1.7,41.8,0,,86.4,64.8,283.8,,50,Partially cloudy,15615099999
2021-08-04,14.1,7.9,11,2.2,55.6,0,,,43.2,265.7,,35.7,Partially cloudy,15615099999
2021-08-05,16.1,11.1,13.3,1.1,44.5,0,,100.8,50.4,245.3,,31.4,Partially cloudy,15615099999
2021-08-06,10.9,3.9,7.3,4.4,83.1,0.3,rain,86.4,43.2,280.4,,58,"Rain, Partially cloudy",15615099999
2021-08-07,11.4,0.9,5.3,-0.2,69.8,0,,64.8,28.8,18.5,,23.3,Partially cloudy,15615099999
2021-08-08,14.7,6.9,10.3,-1.2,44.9,0,,,28.8,320.6,,10,Clear,15615099999
2021-08-09,14.6,9.1,11.8,3.4,57.5,0,,,21.6,337.5,,24,Partially cloudy,15615099999
2021-08-10,14.2,9.9,11.7,4.1,60.6,0,,,28.8,340,,35.7,Partially cloudy,15615099999
2021-08-11,13.6,7.7,10.4,4.2,67.3,0,,,28.8,358.1,,51.3,Partially cloudy,15615099999
2021-08-12,11.4,5.7,7.5,4.8,84,0,,,21.6,52.4,,64,Partially cloudy,15615099999
2021-08-13,10.1,5.9,7.7,3.6,77,0,,,14.4,7.3,,36.7,Partially cloudy,15615099999
2021-08-14,9.2,4.9,6.7,3.1,78.6,0,,,21.6,27.1,,53.3,Partially cloudy,15615099999
2021-08-15,10.7,5.4,7.5,1.5,67.4,0,,,21.6,46.2,,45,Partially cloudy,15615099999
2021-08-16,13.9,6.4,10.1,1.7,57.9,0,,,21.6,359.6,,23.3,Partially cloudy,15615099999
2021-08-17,12.9,8.4,10.5,4.1,64.7,0,,,28.8,0.3,,72.5,Partially cloudy,15615099999
2021-08-18,11.9,6.6,9,4.9,76.4,9,rain,,21.6,311.4,,70,"Rain, Partially cloudy",15615099999
2021-08-19,8.4,5.1,6.5,5.5,93.2,5,rain,,21.6,263.1,,52.5,"Rain, Partially cloudy",15615099999
2021-08-20,9.4,3.6,6.4,4.6,88.6,0,,,28.8,257.3,,57.1,Partially cloudy,15615099999
2021-08-21,7.4,4.1,5.7,4.7,93.2,0.3,rain,,21.6,7.2,,90,"Rain, Partially cloudy",15615099999
2021-08-22,6.9,2.7,4.8,3.1,89,0,,,21.6,32.2,,61.7,Partially cloudy,15615099999
2021-08-23,10.2,3.9,6.7,3.4,80,0,,,21.6,53.2,,30,Partially cloudy,15615099999
2021-08-24,8.7,4.9,7.1,4,81.2,0,,,21.6,16.7,,42.5,Partially cloudy,15615099999
2021-08-25,9.2,4.6,7.2,4.2,81.7,0.2,rain,,21.6,250,,70,"Rain, Partially cloudy",15615099999
2021-08-26,5.9,3.7,4.8,4,94.7,9,rain,,43.2,265.4,,72.5,"Rain, Partially cloudy",15615099999
2021-08-27,8.2,4.2,5.7,4.5,91.8,0.4,rain,,36,241.1,,75,"Rain, Partially cloudy",15615099999
2021-08-28,9.9,5.7,7.2,5.8,91.3,6,rain,,28.8,174.4,,66.7,"Rain, Partially cloudy",15615099999
2021-08-29,6.4,4.9,5.6,5,96.4,0.6,rain,,36,185.4,,40,"Rain, Partially cloudy",15615099999
2021-08-30,7.2,2.4,4.5,-1,69.8,3,rain,,36,220.4,,35.7,"Rain, Partially cloudy",15615099999
2021-08-31,7.7,1.9,4.4,-0.9,68.4,0,,,36,260.3,,40,Partially cloudy,15615099999
2021-09-01,3.9,-0.1,2.1,0.6,90.3,0.4,"rain,snow",,36,282.4,,35,"Snow, Rain, Partially cloudy",15615099999
2021-09-02,5.2,-2.8,0.8,-0.6,90.4,0,,,36,336.6,,30,Partially cloudy,15615099999
2021-09-03,7.1,-1.1,3,-0.4,79.6,0,,,28.8,293.2,,30,Partially cloudy,15615099999
2021-09-04,5.1,0.4,2.5,-1.1,78.4,0,,,36,313.4,,33.3,Partially cloudy,15615099999
2021-09-05,3.2,0.2,1.5,-0.1,90,0,,,28.8,351.5,,40,Partially cloudy,15615099999
2021-09-06,1.2,-1.4,-0.3,-1.4,92.3,0,,,28.8,50,,30,Partially cloudy,15615099999
2021-09-07,3.2,-0.8,1,-9.8,48.8,0,,,43.2,77.4,,30,Partially cloudy,15615099999
2021-09-08,3.2,-0.4,1.4,-6.4,57.8,0,,,36,54.3,,82.9,Partially cloudy,15615099999
2021-09-09,2.4,-0.4,1.3,-3.3,76.1,0,,,36,59.8,,77.5,Partially cloudy,15615099999
2021-09-10,3.7,1.1,2.1,1.5,96.4,2,rain,,14.4,230,,66.7,"Rain, Partially cloudy",15615099999
2021-09-11,5.4,-0.1,2.5,0.1,86.3,0,,,21.6,2.8,,44,Partially cloudy,15615099999
2021-09-12,5.4,1.4,2.7,-0.8,78,0,,,21.6,41.2,,63.8,Partially cloudy,15615099999
2021-09-13,4.4,-0.3,1.9,0.5,91.3,0,,,28.8,46.8,,71.7,Partially cloudy,15615099999
2021-09-14,5.7,0.9,2.6,0.6,87.5,0,,,28.8,50,,66.7,Partially cloudy,15615099999
2021-09-15,5.9,1.7,3.6,0.8,81.8,0,,,14.4,22,,67.5,Partially cloudy,15615099999
2021-09-16,8.9,2.4,5.3,0.3,71.3,0,,,28.8,348.4,,66.7,Partially cloudy,15615099999
2021-09-17,9.2,4.9,6.3,4.4,88.4,0,,,50.4,300.1,,86.7,Partially cloudy,15615099999
2021-09-18,5.9,3.2,4.4,3.5,94.2,1.4,rain,100.8,64.8,272.7,,90,"Rain, Partially cloudy",15615099999
2021-09-19,4.1,1.7,3.1,2.6,96.2,1,rain,86.4,64.8,278.4,,90,"Rain, Partially cloudy",15615099999
2021-09-20,6.2,2.7,3.9,2.1,87.8,0,,,50.4,262,,68.3,Partially cloudy,15615099999
2021-09-21,2.9,-0.3,1.3,0.5,94.1,0,,,50.4,283.7,,35,Partially cloudy,15615099999
2021-09-22,-0.8,-6.6,-3.1,-3.8,94.3,5,"rain,snow",,50.4,287.2,,,"Snow, Rain",15615099999
2021-09-23,-4.1,-7.3,-6.3,-7.2,93.4,2,snow,,36,350.7,,16.7,Snow,15615099999
2021-09-24,2.4,-5.8,-0.9,-4.9,74.8,0,,,36,322.5,,54,Partially cloudy,15615099999
2021-09-25,7.6,-0.3,2.8,0.3,84.3,0,,,43.2,316.4,,40,Partially cloudy,15615099999
2021-09-26,8.2,3.1,5.8,0.6,70.2,0,,,21.6,327.3,,23.3,Partially cloudy,15615099999
2021-09-27,8.7,3.7,6,2,75.9,0,,,28.8,339.5,,55,Partially cloudy,15615099999
2021-09-28,4.9,1.9,3.3,2.9,97.5,7.4,"rain,snow",,21.6,302.3,,75,"Snow, Rain, Partially cloudy",15615099999
2021-09-29,2.1,0.7,1.3,1.2,99.1,1,"rain,snow",,14.4,91.3,,,"Snow, Rain, Fog",15615099999
2021-09-30,1.4,-1.8,0.1,-1,92.4,0,,,21.6,12.9,,53.3,Partially cloudy,15615099999
2021-10-01,1.2,-2.6,-0.3,-10.2,51.7,0,,,36,43.1,,36.3,Partially cloudy,15615099999
2021-10-02,4.7,-0.3,1.5,-10.5,42.4,0,,,28.8,54.9,,24.3,Partially cloudy,15615099999
2021-10-03,6.4,0.1,3,-11.7,35.4,0,,,21.6,43.4,,22,Partially cloudy,15615099999
2021-10-04,6.4,2.2,4,-12,32.1,0,,,21.6,20.3,,10,Clear,15615099999
2021-10-05,6.1,1.4,4,-8.3,43.6,0,,,28.8,343.5,,23.3,Partially cloudy,15615099999
2021-10-06,5.6,1.2,3.5,-6.9,49.3,0,,,21.6,325.3,,30,Partially cloudy,15615099999
2021-10-07,2.7,1.2,2,-0.9,82.3,0.1,"rain,snow",,50.4,174.7,,68.3,"Snow, Rain, Partially cloudy",15615099999
2021-10-08,1.2,-3.4,-0.7,-1.4,95.4,7.6,"rain,snow",,36,153.1,,,"Snow, Rain",15615099999
2021-10-09,-1.3,-3.6,-2.1,-2.8,95.5,5.7,"rain,snow",,43.2,143.9,,,"Snow, Rain",15615099999
2021-10-10,-0.1,-1.3,-0.8,-1.3,96.4,4,"rain,snow",,36,119.3,,,"Snow, Rain",15615099999
2021-10-11,0.1,-1.8,-0.6,-1,96.8,5.8,"rain,snow",86.4,64.8,155.9,,90,"Snow, Rain, Partially cloudy",15615099999
2021-10-12,-1.1,-4.8,-2.5,-3.2,94.9,6,"rain,snow",,21.6,128.5,,100,"Snow, Rain, Overcast",15615099999
2021-10-13,-3.3,-5.4,-4.3,-5.2,93.2,0.2,snow,,21.6,248,,35,"Snow, Partially cloudy",15615099999
2021-10-14,-2.3,-5.8,-4.3,-4.8,96.3,9.3,snow,,50.4,146.2,,,Snow,15615099999
2021-10-15,-0.6,-2.1,-1.2,-1.2,100,25.7,"rain,snow",,50.4,104.1,,,"Snow, Rain",15615099999
2021-10-16,-0.3,-1.8,-1.2,-1.2,100,4,"rain,snow",,36,55,,,"Snow, Rain",15615099999
2021-10-17,-1.1,-2.8,-2.1,-2.1,100,0,,,14.4,15,,,Clear,15615099999
2021-10-18,-2.3,-3.8,-3.1,-3.4,98,0,,,14.4,340,,90,Partially cloudy,15615099999
2021-10-19,-1.9,-7.6,-3.9,-8.7,73.5,0,,,28.8,302.6,,31.7,Partially cloudy,15615099999
2021-10-20,1.7,-3.8,-0.6,-8,57.5,0,,,28.8,343.2,,13.3,Clear,15615099999
2021-10-21,5.7,2.2,4,-6.9,45.5,0,,,28.8,230,,10,Clear,15615099999
2021-10-22,6.6,0.4,3.1,-8.1,48.8,0,,,28.8,254.4,,35.7,Partially cloudy,15615099999
2021-10-23,1.2,-0.6,0.2,-1.2,90.8,0.2,"rain,snow",,21.6,290.4,,66.7,"Snow, Rain, Partially cloudy",15615099999
2021-10-24,-0.1,-4.8,-2.5,-6,80.7,0.4,"rain,snow",,36,305.7,,23.3,"Snow, Rain, Partially cloudy",15615099999
2021-10-25,0.7,-4.6,-2.6,-20.2,24.6,0,,,43.2,72.1,,10,Clear,15615099999
2021-10-26,3.2,0.7,2.2,-15.8,25.3,0,,,36,105.8,,,Clear,15615099999
2021-10-27,4.2,0.4,2.1,-14.3,28.8,0,,,21.6,50.7,,25,Partially cloudy,15615099999
2021-10-28,2.2,0.2,1.2,-12.8,36.4,0,,,36,49,,10,Clear,15615099999
2021-10-29,1.6,-1.6,-0.1,-9.5,50,0,,,21.6,75.1,,10,Clear,15615099999
2021-10-30,-0.1,-3.1,-1.8,-10.1,53.7,0,,,36,72.9,,,Clear,15615099999
2021-10-31,0.2,-4.6,-2,-10.5,54.8,0,,,28.8,87.1,,10,Clear,15615099999
2021-11-01,-0.6,-5.3,-2.3,-10.3,57.1,0,,,28.8,263.3,,,Clear,15615099999
2021-11-02,0.7,-1.6,-0.6,-2.2,91.2,0.4,"rain,snow",,43.2,237.9,,,"Snow, Rain",15615099999
2021-11-03,2.2,-4.1,-0.4,-5.2,73,0,,86.4,64.8,241.6,,53.3,Partially cloudy,15615099999
2021-11-04,5.6,1.7,3.5,0,78.1,0,,72,50.4,224.9,,33.3,Partially cloudy,15615099999
2021-11-05,4.7,3.2,3.9,-1.2,69.8,0,,,50.4,216.9,,52.5,Partially cloudy,15615099999
2021-11-06,6.4,3.7,4.6,-0.9,67.6,0,,,50.4,233.6,,58.8,Partially cloudy,15615099999
2021-11-07,6.7,3.9,4.6,-0.8,67.8,0,,,36,211.2,,58.8,Partially cloudy,15615099999
2021-11-08,7.1,3.1,4.2,-3.2,58.9,0,,,36,186.2,,50,Partially cloudy,15615099999
2021-11-09,2.4,-4.3,0,-3.3,81.9,0.1,snow,,50.4,297.4,,52,"Snow, Partially cloudy",15615099999
2021-11-10,6.4,2.2,4.6,-20.4,15,0,,,36,57.6,,35.7,Partially cloudy,15615099999
2021-11-11,6.1,4.1,5.1,-9,35.6,0,,,28.8,106.6,,61.3,Partially cloudy,15615099999
2021-11-12,7.2,3.2,4.8,-10.9,31.4,0,,,7.2,195,,48.8,Partially cloudy,15615099999
2021-11-13,4.6,0.4,2.5,-12.8,32,0,,,28.8,199,,53.8,Partially cloudy,15615099999
2021-11-14,1.7,-0.4,0.2,-12.5,38.1,0,,,28.8,191.4,,73.8,Partially cloudy,15615099999
2021-11-15,0.9,-2.3,-0.9,-12.4,42.6,0,,,28.8,87.2,,55,Partially cloudy,15615099999
2021-11-16,1.2,-1.8,-0.7,-14.2,35.4,0,,,28.8,87.2,,30,Partially cloudy,15615099999
2021-11-17,2.9,-1.4,-0.1,-4.7,71.4,0.1,"rain,snow",,21.6,233,,46.3,"Snow, Rain, Partially cloudy",15615099999
2021-11-18,-0.3,-5.1,-2.8,-5.8,80.8,0,,,28.8,282.8,,51.3,Partially cloudy,15615099999
2021-11-19,-4.9,-6.8,-5.6,-10.4,72.3,0,,,36,12.3,,38,Partially cloudy,15615099999
2021-11-20,-2.1,-6.8,-3.5,-4.9,90.4,0.4,snow,,43.2,28.1,,,Snow,15615099999
2021-11-21,5.7,-0.3,2.5,-13.5,29.9,0.3,rain,,28.8,230,,,Rain,15615099999
2021-11-22,-0.1,-3.4,-1.8,-8.9,64.9,0,,,28.8,230,,60,Partially cloudy,15615099999
2021-11-23,-2.1,-5.1,-3.7,-4.3,96,1.3,snow,,21.6,238,,35,"Snow, Partially cloudy",15615099999
2021-11-24,-3.6,-5.8,-4.6,-11.4,63.9,0,,,21.6,350.4,,18.6,Clear,15615099999
2021-11-25,-2.1,-4.6,-3.5,-13.5,48.9,0,,,21.6,184.2,,10,Clear,15615099999
2021-11-26,-2.9,-6.1,-4.4,-5.9,89.6,0.4,snow,122.4,86.4,187.5,,45,"Snow, Partially cloudy",15615099999
2021-11-27,-4.3,-6.3,-5.3,-6,95.3,0,,316.8,122.4,243,,,Clear,15615099999
2021-11-28,-2.8,-5.8,-4.7,-5.3,95.8,1,snow,316.8,122.4,197.7,,93.3,"Snow, Overcast",15615099999
2021-11-29,-2.3,-9.3,-6.1,-6.5,97.1,4.9,snow,144,100.8,213.3,,100,"Snow, Overcast",15615099999
2021-11-30,-8.4,-18.4,-14.3,-15.9,87.7,11,snow,72,50.4,332.2,,30,"Snow, Partially cloudy",15615099999
2021-12-01,-7.4,-16.8,-10.1,-11.3,90.5,0,,86.4,57.6,336.3,,36.7,Partially cloudy,15615099999
2021-12-02,-5.1,-9.1,-7.4,-8.6,91.4,0.3,snow,144,72,237.6,,36.7,"Snow, Partially cloudy",15615099999
2021-12-03,-4.8,-6.1,-5.5,-6.4,92.9,0.3,snow,316.8,86.4,226.4,,,Snow,15615099999
2021-12-04,-4.3,-7.3,-5.8,-7,90.9,0.7,snow,,36,233.8,,48.3,"Snow, Partially cloudy",15615099999
2021-12-05,-1.8,-8.4,-6.1,-7.4,90.5,0,,86.4,57.6,241.5,,28.6,Partially cloudy,15615099999
2021-12-06,-4.8,-5.6,-5.1,-6,93,6,snow,122.4,86.4,180.1,,,Snow,15615099999
2021-12-07,-5.1,-8.6,-6,-7,92.5,19.8,snow,144,86.4,133.6,,,Snow,15615099999
2021-12-08,-7.1,-10.3,-9,-10.2,91,6,snow,,36,338.5,,30,"Snow, Partially cloudy",15615099999
2021-12-09,-3.8,-8.1,-5.3,-6.5,90.8,0,,316.8,100.8,203.4,,46.7,Partially cloudy,15615099999
2021-12-10,-5.3,-9.6,-6.9,-8.1,90.7,4,snow,316.8,100.8,160.2,,,Snow,15615099999
2021-12-11,-4.3,-11.3,-7.3,-8.6,90.8,7,snow,316.8,144,166,,80,"Snow, Partially cloudy",15615099999
2021-12-12,-4.6,-8.8,-7.5,-8.9,89.5,12,snow,100.8,72,167.4,,,Snow,15615099999
2021-12-13,-8.6,-9.3,-8.9,-10.5,88.2,2,snow,,43.2,53.5,,,Snow,15615099999
2021-12-14,-9.4,-10.4,-9.9,-11.6,87.1,5.3,snow,57.6,43.2,26.8,,,Snow,15615099999
2021-12-15,-9.4,-11.3,-10.2,-11.9,87.4,0,,,36,42.2,,35.7,Partially cloudy,15615099999
2021-12-16,-9.8,-11.8,-10.5,-12.3,87,0,,,36,39.5,,36.7,Partially cloudy,15615099999
2021-12-17,-9.1,-14.1,-11.1,-12.6,89.3,6.4,snow,,36,8.4,,,Snow,15615099999
2021-12-18,-14.8,-16.8,-15.7,-16.8,91.1,16.1,snow,,50.4,16.6,,,Snow,15615099999
2021-12-19,-8.8,-17.4,-13.6,-16.2,81.5,5,snow,,50.4,36.6,,16.7,Snow,15615099999
2021-12-20,-11.8,-17.9,-14.4,-15.6,90.9,10,snow,86.4,64.8,311.7,,,Snow,15615099999
2021-12-21,-17.8,-19.9,-19.1,-20.5,88.6,3,snow,,50.4,316.8,,,Snow,15615099999
2021-12-22,-16.8,-18.6,-17.4,-20.6,77.3,0,,,43.2,320,,38.3,Partially cloudy,15615099999
2021-12-23,-5.3,-18.6,-14.1,-17.2,80.1,0,,,50.4,320,,33.3,Partially cloudy,15615099999
2021-12-24,-6.8,-12.4,-9.3,-10.7,89.9,0,,,43.2,307,,45,Partially cloudy,15615099999
2021-12-25,-4.6,-6.9,-5.9,-6.5,95.6,0,,,36,279.9,,80,Partially cloudy,15615099999
2021-12-26,-4.4,-6.3,-5.1,-5.5,97,0,,144,72,253.3,,86.7,Partially cloudy,15615099999
2021-12-27,-3.9,-5.1,-4.6,-4.7,99.2,0,,122.4,57.6,230,,,Clear,15615099999
2021-12-28,-5.6,-7.6,-6.5,-6.7,99.1,4,snow,,28.8,258.3,,75,"Snow, Partially cloudy",15615099999
2021-12-29,-4.8,-7.3,-6.2,-6.7,96.4,5.2,snow,,28.8,284.8,,90,"Snow, Partially cloudy",15615099999
2021-12-30,-5.6,-9.8,-7.3,-7.8,96.8,7.4,snow,72,50.4,29.8,,,Snow,15615099999
2021-12-31,-2.8,-8.1,-5.3,-6.1,94.2,0,,,36,11,,36.7,Partially cloudy,15615099999
2022-01-01,-2.6,-5.3,-4.4,-5.3,93.5,0.3,snow,,50.4,340,,56.7,"Snow, Partially cloudy",15615099999
2022-01-02,-2.1,-6.8,-4.9,-8.3,81,0,,,43.2,6.1,,10,Clear,15615099999
2022-01-03,-1.3,-7.1,-4.1,-9,69.8,0,,,50.4,309.4,,51.3,Partially cloudy,15615099999
2022-01-04,-1.1,-7.8,-3.5,-8.3,70.5,0,,,43.2,286.4,,45.7,Partially cloudy,15615099999
2022-01-05,1.6,-2.8,0,-8.1,55.7,0,,100.8,64.8,258.3,,32.5,Partially cloudy,15615099999
2022-01-06,-3.6,-6.9,-4.8,-8.5,75.9,0,,144,86.4,233.4,,41.4,Partially cloudy,15615099999
2022-01-07,-6.3,-7.6,-7,-8.1,91.8,0,,,36,179.8,,62.5,Partially cloudy,15615099999
2022-01-08,-6.3,-8.9,-7.4,-8.5,92,0,,,43.2,148.6,,80,Partially cloudy,15615099999
2022-01-09,-7.3,-8.6,-7.8,-8.7,93.3,0,,,36,181.2,,30,Partially cloudy,15615099999
2022-01-10,-7.3,-8.3,-7.9,-8.8,92.7,17.4,snow,86.4,50.4,27.3,,100,"Snow, Overcast",15615099999
2022-01-11,-8.4,-11.1,-9.6,-10.8,90.9,10,snow,122.4,72,23.9,,,Snow,15615099999
2022-01-12,-12.1,-16.8,-14.2,-16.5,82.9,4,snow,144,86.4,20,,51.4,"Snow, Partially cloudy",15615099999
2022-01-13,-10.9,-14.8,-13.2,-23.2,44.9,0,,,50.4,31.3,,10,Clear,15615099999
2022-01-14,-4.6,-8.8,-6.3,-11.2,69.9,0,,,50.4,20.2,,22,Partially cloudy,15615099999
2022-01-15,-6.9,-14.4,-11.2,-18.6,56.2,0,,86.4,64.8,11.2,,10,Clear,15615099999
2022-01-16,-6.9,-13.9,-9.7,-22.1,35.9,0,,,36,29.8,,10,Clear,15615099999
2022-01-17,-7.3,-13.9,-11,-14.4,77.7,0,,122.4,86.4,300.9,,30,Partially cloudy,15615099999
2022-01-18,-13.8,-20.4,-18.3,-20,86.6,0,,122.4,86.4,343.3,,30,Partially cloudy,15615099999
2022-01-19,-10.3,-19,-13.4,-21.4,52.8,0,,,50.4,357.2,,,Clear,15615099999
2022-01-20,-6.6,-12.9,-8.5,-16,58.1,0,,86.4,50.4,296.4,,40,Partially cloudy,15615099999
2022-01-21,-10.3,-22.5,-15.6,-16.9,89.6,2,snow,72,50.4,297.6,,,Snow,15615099999
2022-01-22,-21.4,-23.6,-22.7,-24.8,82.4,0.4,snow,64.8,50.4,340,,,Snow,15615099999
2022-01-23,-22.8,-23.9,-23.4,-25.4,83.6,6,snow,72,50.4,355.2,,,Snow,15615099999
2022-01-24,-22.5,-25.6,-24.4,-26.2,84.7,9.4,snow,72,50.4,44.3,,,Snow,15615099999
2022-01-25,-18.8,-21.9,-20.6,-27.8,53.8,0,,,50.4,25.9,,30,Partially cloudy,15615099999
2022-01-26,-15.4,-19.8,-16.5,-19.6,78.4,3.8,snow,64.8,50.4,355.1,,16.7,Snow,15615099999
2022-01-27,-12.1,-14.6,-13.6,-17.7,71.7,0,,,43.2,24.7,,10,Clear,15615099999
2022-01-28,-11.1,-16.1,-12.7,-14.9,84.4,0,,,43.2,332.5,,55,Partially cloudy,15615099999
2022-01-29,-14.6,-17.1,-16.2,-17.5,90.2,0,,,36,340.9,,25,Partially cloudy,15615099999
2022-01-30,-10.4,-14.6,-12.1,-15.5,80.2,0.8,snow,,43.2,341.4,,35,"Snow, Partially cloudy",15615099999
2022-01-31,-10.3,-17.1,-14.1,-18.1,75.6,21.8,snow,,43.2,318,,90,"Snow, Partially cloudy",15615099999
2022-02-01,-7.9,-12.4,-9.8,-11.5,87.5,0.7,snow,,50.4,175.2,,90,"Snow, Partially cloudy",15615099999
2022-02-02,-8.1,-16.1,-11.7,-11.8,99.3,4,snow,,50.4,185.3,,90,"Snow, Partially cloudy",15615099999
2022-02-03,-15.1,-17.9,-15.9,-16.1,98.5,16.3,snow,,43.2,360,,,Snow,15615099999
2022-02-04,-10.1,-17.1,-12.4,-16.9,70.5,0,,,36,346.5,,57.1,Partially cloudy,15615099999
2022-02-05,-8.9,-9.6,-9.4,-9.4,99.7,0,,,21.6,339.3,,,Clear,15615099999
2022-02-06,-8.3,-10.6,-9.1,-9.7,96.1,7.4,snow,,43.2,264.4,,25,"Snow, Partially cloudy",15615099999
2022-02-07,-6.1,-14.6,-8.7,-10.8,86.6,5,snow,100.8,72,274.3,,55,"Snow, Partially cloudy",15615099999
2022-02-08,-16.1,-18.1,-17.5,-17.5,100,51.8,snow,,50.4,356.3,,,Snow,15615099999
2022-02-09,-10.3,-17.4,-12.3,-15.3,79.6,5,snow,,50.4,20.7,,50,"Snow, Partially cloudy",15615099999
2022-02-10,-1.3,-9.3,-4.3,-18,34.2,0,,,43.2,20.1,,,Clear,15615099999
2022-02-11,1.4,-2.6,-0.3,-16.3,30.4,0,,,21.6,279.4,,10,Clear,15615099999
2022-02-12,-4.3,-8.9,-7.1,-14.7,59.9,0,,,28.8,177.8,,62,Partially cloudy,15615099999
2022-02-13,-7.9,-10.6,-9.5,-11.3,86.6,1.4,snow,,21.6,144.2,,55,"Snow, Partially cloudy",15615099999
2022-02-14,-8.6,-12.1,-10.6,-12.5,86.5,0.8,snow,,28.8,281.9,,10,Snow,15615099999
2022-02-15,-7.3,-11.8,-9.5,-11.1,87.8,0,,,21.6,279.4,,23.8,Partially cloudy,15615099999
2022-02-16,-5.8,-8.4,-6.9,-8.2,90.6,0.8,snow,72,50.4,209.8,,60,"Snow, Partially cloudy",15615099999
2022-02-17,-4.1,-8.4,-5.8,-9.6,76.4,0,,,43.2,274.1,,40,Partially cloudy,15615099999
2022-02-18,-7.6,-13.6,-10.3,-12.3,88,3.1,snow,72,50.4,336.1,,30,"Snow, Partially cloudy",15615099999
2022-02-19,-0.8,-6.3,-2.5,-8.6,63.3,3,snow,,36,300,,40,"Snow, Partially cloudy",15615099999
2022-02-20,-0.8,-4.9,-3.2,-6.9,79.3,0,,64.8,50.4,282.8,,88,Partially cloudy,15615099999
2022-02-21,-4.6,-7.8,-5.7,-6.8,92.9,0,,,43.2,253.2,,40,Partially cloudy,15615099999
2022-02-22,-5.6,-9.8,-7,-7.1,99.1,6.2,snow,,50.4,189.6,,,"Snow, Fog",15615099999
2022-02-23,-5.1,-12.3,-7.9,-8,99.2,1.1,snow,,36,10.5,,90,"Snow, Partially cloudy",15615099999
2022-02-24,-13.8,-16.1,-14.9,-15,99.5,5,snow,64.8,50.4,29.5,,,Snow,15615099999
2022-02-25,-8.3,-13.4,-10.3,-16.7,59.9,0,,,43.2,19,,45,Partially cloudy,15615099999
2022-02-26,-9.1,-12.3,-10.7,-12,90.4,0.4,snow,,28.8,60.9,,54,"Snow, Partially cloudy",15615099999
2022-02-27,-12.3,-15.1,-13.8,-13.8,100,16,snow,100.8,57.6,54.2,,,Snow,15615099999
2022-02-28,-13.1,-16.1,-14.6,-14.8,98.7,0.3,snow,,28.8,65.2,,,Snow,15615099999
2022-03-01,-9.4,-16.1,-13.7,-14.9,92.3,0,,,14.4,283.1,,55,Partially cloudy,15615099999
2022-03-02,-14.6,-17.8,-16.1,-16.4,97.4,0,,,28.8,351.1,,46.7,Partially cloudy,15615099999
2022-03-03,-13.1,-18.4,-16,-16.4,96.5,4,snow,,36,334.8,,10,Snow,15615099999
2022-03-04,-10.6,-16.6,-13.8,-14.5,94.9,2,snow,,28.8,304.3,,60,"Snow, Partially cloudy",15615099999
2022-03-05,-11.8,-13.8,-12.8,-12.8,99.8,1,snow,,28.8,137.8,,,Snow,15615099999
2022-03-06,-9.6,-13.1,-11.6,-11.7,99.4,7,snow,100.8,57.6,133.6,,,Snow,15615099999
2022-03-07,-9.4,-14.1,-12.1,-12.4,97.8,0.8,snow,,14.4,270,,,Snow,15615099999
2022-03-08,-9.3,-15.8,-13.5,-14.5,93.2,0,,,21.6,258.3,,90,Partially cloudy,15615099999
2022-03-09,-15.8,-19.9,-17.7,-17.7,99.6,6,snow,,28.8,348,,,Snow,15615099999
2022-03-10,-20.1,-23.4,-22.2,-22.5,97.4,12.3,snow,,50.4,17,,,Snow,15615099999
2022-03-11,-19.9,-23.9,-22.4,-23.8,88.6,0,,,36,17.7,,,Clear,15615099999
2022-03-12,-19.3,-23.5,-21.4,-24.1,78.8,0.8,snow,,43.2,25.1,,50,"Snow, Partially cloudy",15615099999
2022-03-13,-16.3,-19.8,-18.1,-21.3,76.4,0.1,snow,,36,11.6,,60,"Snow, Partially cloudy",15615099999
2022-03-14,-12.1,-18.4,-14.8,-20.5,64.1,0,,,36,20,,10,Clear,15615099999
2022-03-15,-6.1,-10.1,-7.7,-22.6,29.4,0,,,50.4,23.2,,56.7,Partially cloudy,15615099999
2022-03-16,-6.4,-8.6,-7.6,-14.7,63.2,3,snow,57.6,43.2,311.2,,100,"Snow, Overcast",15615099999
2022-03-17,-7.6,-13.1,-10.1,-12,85.8,14,snow,,36,47.5,,60,"Snow, Partially cloudy",15615099999
2022-03-18,-14.1,-18,-16.2,-20.9,68,0,,,36,15,,30,Partially cloudy,15615099999
2022-03-19,-18.3,-20,-19.2,-22.6,75.5,0,,64.8,50.4,48.4,,22,Partially cloudy,15615099999
2022-03-20,-14.3,-19.4,-16.5,-22.5,61.8,0,,64.8,50.4,56.5,,25,Partially cloudy,15615099999
2022-03-21,-15.6,-18.9,-17.2,-18.9,86.6,0.1,snow,64.8,50.4,33.9,,10,Snow,15615099999
2022-03-22,-11.3,-15.4,-13.2,-15,86.1,3,snow,122.4,64.8,27.9,,30,"Snow, Partially cloudy",15615099999
2022-03-23,-11.1,-14.6,-12.2,-19.4,59.8,0.4,snow,144,100.8,20,,16.7,Snow,15615099999
2022-03-24,-6.3,-11.4,-8.8,-12.1,78,0,,,36,3.1,,14,Clear,15615099999
2022-03-25,-6.9,-10.6,-8.8,-10.8,86.1,0,,64.8,50.4,352,,20,Clear,15615099999
2022-03-26,-6.4,-11.3,-8.7,-9.9,91.7,0,,,50.4,351.6,,28.3,Partially cloudy,15615099999
2022-03-27,-3.9,-9.6,-6.9,-10.1,79.6,0,,64.8,50.4,330.8,,20,Clear,15615099999
2022-03-28,-2.1,-5.9,-3.9,-8.2,73.7,0,,,36,218.2,,57.5,Partially cloudy,15615099999
2022-03-29,-4.8,-6.8,-5.9,-7.1,91.5,0,,,28.8,218.6,,50,Partially cloudy,15615099999
2022-03-30,-1.8,-6.8,-4.5,-6.9,84.5,0,,,50.4,233,,60,Partially cloudy,15615099999
2022-03-31,-0.8,-4.8,-2.4,-2.5,99,3.2,"rain,snow",316.8,144,233.1,,90,"Snow, Rain, Partially cloudy",15615099999
2022-04-01,-2.1,-4.1,-2.8,-3.4,96.1,0.6,snow,316.8,144,214.7,,,Snow,15615099999
2022-04-02,-5.1,-7.8,-6.5,-7.9,90,4,snow,144,100.8,224.2,,77.5,"Snow, Partially cloudy",15615099999
2022-04-03,-7.4,-11.3,-9.4,-11.2,86.8,1.6,snow,86.4,57.6,250,,,Snow,15615099999
2022-04-04,-6.8,-13.1,-10,-11.9,86,2,snow,,36,256.5,,75,"Snow, Partially cloudy",15615099999
2022-04-05,-2.4,-9.6,-6.9,-8.5,88.4,0,,,43.2,278.8,,70,Partially cloudy,15615099999
2022-04-06,-1.6,-8.1,-5,-8.2,78.1,0,,,36,207.5,,25,Partially cloudy,15615099999
2022-04-07,-2.1,-5.3,-3.3,-4,94.7,0,,122.4,86.4,206.1,,30,Partially cloudy,15615099999
2022-04-08,-1.4,-6.9,-4.5,-5.7,91.4,0,,,50.4,303.5,,70,Partially cloudy,15615099999
2022-04-09,-1.1,-3.1,-2.2,-4.1,87,0,,,50.4,262.2,,82.5,Partially cloudy,15615099999
2022-04-10,-3.1,-9.3,-5.1,-5.7,95.7,13,snow,,50.4,219.6,,90,"Snow, Partially cloudy",15615099999
2022-04-11,-12.1,-13.8,-12.8,-12.8,99.8,24,snow,,50.4,340.8,,,Snow,15615099999
2022-04-12,-8.3,-14.3,-11.5,-14.3,83,0,,,36,336.5,,10,Clear,15615099999
2022-04-13,-4.9,-9.8,-7.4,-10.5,80.5,0,,,43.2,325.4,,10,Clear,15615099999
2022-04-14,-1.8,-6.3,-4.2,-9.5,68,0,,,36,325.7,,13.3,Clear,15615099999
2022-04-15,2.7,-3.4,0,-7.6,59.1,0,,,28.8,254.8,,60,Partially cloudy,15615099999
2022-04-16,-0.1,-2.6,-1.5,-4.2,82.1,0,,,28.8,180,,87.1,Partially cloudy,15615099999
2022-04-17,-3.6,-7.4,-5,-5,100,11.4,snow,,43.2,55.5,,,Snow,15615099999
2022-04-18,-4.4,-10.8,-7.8,-8.3,96.7,0.3,snow,,43.2,53.3,,,Snow,15615099999
2022-04-19,-10.8,-13.6,-12.2,-12.5,97.6,4,snow,,36,271.1,,,Snow,15615099999
2022-04-20,-7.3,-12.9,-10,-10.8,94.3,12,snow,100.8,72,277.3,,60,"Snow, Partially cloudy",15615099999
2022-04-21,-1.9,-12.8,-7.6,-10.8,79,1.4,"rain,snow",,43.2,310.7,,78,"Snow, Rain, Partially cloudy",15615099999
2022-04-22,-0.4,-2.6,-1.8,-3.4,88.6,0.1,"rain,snow",144,86.4,207.6,,72.9,"Snow, Rain, Partially cloudy",15615099999
2022-04-23,0.2,-4.6,-2.4,-4.1,87.9,0,,72,50.4,225.7,,70,Partially cloudy,15615099999
2022-04-24,2.9,-2.9,-0.1,-4.6,74.1,0,,,28.8,228.2,,52,Partially cloudy,15615099999
2022-04-25,1.7,-1.1,-0.1,-4.8,70.8,0,,,43.2,253.6,,33.8,Partially cloudy,15615099999
2022-04-26,2.7,-3.1,-0.6,-4.9,72.9,0.2,"rain,snow",,36,200.4,,43.3,"Snow, Rain, Partially cloudy",15615099999
2022-04-27,2.9,-2.6,-0.1,-4.3,73.9,0,,,36,265.6,,26.7,Partially cloudy,15615099999
2022-04-28,2.1,-1.3,-0.1,-1,93.5,0,,,36,220.5,,35,Partially cloudy,15615099999
2022-04-29,1.7,-2.1,-0.6,-1.4,94.4,0.4,"rain,snow",,21.6,252.6,,40,"Snow, Rain, Partially cloudy",15615099999
2022-04-30,-2.3,-4.1,-2.9,-2.9,99.7,0.6,snow,,21.6,40.8,,,Snow,15615099999
2022-05-01,-1.3,-5.8,-3.5,-4.5,93.3,0,,,21.6,325,,50,Partially cloudy,15615099999
2022-05-02,-4.3,-5.6,-4.8,-4.9,99.7,0.2,snow,,21.6,102.9,,80,"Snow, Partially cloudy",15615099999
2022-05-03,-3.6,-7.1,-5.1,-5.1,99.7,4.2,snow,,28.8,32,,,Snow,15615099999
2022-05-04,-3.1,-7.8,-5.4,-5.6,98.5,0.3,snow,,36,23.2,,30,"Snow, Partially cloudy",15615099999
2022-05-05,-0.8,-5.3,-2.9,-3,99.1,1,snow,,28.8,357.9,,52,"Snow, Partially cloudy",15615099999
2022-05-06,1.1,-3.8,-1.9,-3.6,88.1,0,,,21.6,13.2,,80,Partially cloudy,15615099999
2022-05-07,-0.3,-2.6,-1.5,-6.7,70.6,0,,,21.6,86.8,,70,Partially cloudy,15615099999
2022-05-08,2.4,-1.9,-0.1,-10.8,46.3,0,,,21.6,166.8,,48.8,Partially cloudy,15615099999
2022-05-09,0.4,-3.1,-1.1,-8.2,59.5,0,,,21.6,64.8,,53.8,Partially cloudy,15615099999
2022-05-10,-0.3,-3.3,-1.8,-3.7,87.1,0,,,36,46,,52.5,Partially cloudy,15615099999
2022-05-11,-0.1,-3.1,-1.7,-2.6,93.5,0,,,21.6,357.9,,70,Partially cloudy,15615099999
2022-05-12,4.4,-2.8,0.6,-2.9,78.4,0,,,21.6,330.4,,42.9,Partially cloudy,15615099999
2022-05-13,5.2,1.2,3,-0.5,78.6,0,,,21.6,0.1,,33.8,Partially cloudy,15615099999
2022-05-14,2.7,1.1,2,1.7,98.5,6,rain,,43.2,46.6,,,Rain,15615099999
2022-05-15,3.6,-0.8,1.7,-1.5,80.6,0,,,21.6,343.3,,50,Partially cloudy,15615099999
2022-05-16,4.2,0.2,1.8,-5,61.5,0,,,21.6,322.2,,38,Partially cloudy,15615099999
2022-05-17,6.4,0.4,3.1,-2.2,70,0,,,21.6,333.3,,52,Partially cloudy,15615099999
2022-05-18,2.7,-3.3,-0.2,-0.9,95.6,28.6,"rain,snow",,50.4,345.7,,95,"Snow, Rain, Overcast",15615099999
2022-05-19,-2.8,-9.8,-5.4,-11,66.3,0,,86.4,64.8,31.3,,36,Partially cloudy,15615099999
2022-05-20,4.2,-4.9,0.8,-12.4,39.4,0,,,36,30.3,,22,Partially cloudy,15615099999
2022-05-21,6.6,3.2,4.7,-6.7,46.7,0,,,21.6,340.8,,32,Partially cloudy,15615099999
2022-05-22,3.2,0.7,1.8,-0.1,88.5,0.4,"rain,snow",,43.2,5.7,,80,"Snow, Rain, Partially cloudy",15615099999
2022-05-23,2.2,-1.1,0.4,0,97.3,0,,64.8,43.2,352.7,,,Clear,15615099999
2022-05-24,5.4,2.2,4.1,3.7,97.3,4,rain,,36,330.3,,90,"Rain, Partially cloudy",15615099999
2022-05-25,9.4,4.4,6.8,-1.6,56.1,0,,64.8,43.2,296,,36.7,Partially cloudy,15615099999
2022-05-26,8.9,5.2,6.9,1.9,72.2,0,,,36,294.4,,58,Partially cloudy,15615099999
2022-05-27,7.2,3.6,5.4,3.5,88.3,0.1,rain,,36,305.7,,73.3,"Rain, Partially cloudy",15615099999
2022-05-28,5.9,3.2,4.6,3.6,92.9,4,rain,,36,287.3,,80,"Rain, Partially cloudy",15615099999
2022-05-29,4.7,2.2,3,2.1,93.9,7.2,rain,122.4,86.4,156.5,,84,"Rain, Partially cloudy",15615099999
2022-05-30,6.7,0.1,2.9,1.6,91.3,1,"rain,snow",,43.2,280,,34,"Snow, Rain, Partially cloudy",15615099999
2022-05-31,6.4,2.6,4,3,93.6,3,rain,,21.6,298.4,,48.3,"Rain, Partially cloudy",15615099999
2022-06-01,6.7,2.2,4.2,2.3,87.9,0,,,21.6,344.5,,50,Partially cloudy,15615099999
2022-06-02,7.4,3.9,5.6,1.1,73.9,0,,,21.6,44.3,,48,Partially cloudy,15615099999
2022-06-03,6.9,3.2,5,3.6,91,0,,,50.4,45.8,,63.3,Partially cloudy,15615099999
2022-06-04,10.2,5.4,7.1,2.3,72.6,0.3,rain,,21.6,12.8,,51.3,"Rain, Partially cloudy",15615099999
2022-06-05,8.6,4.9,6.8,5.3,90.8,0,,,21.6,351.7,,72.5,Partially cloudy,15615099999
2022-06-06,6.1,2.9,4.8,3.5,91.8,10.1,rain,,36,329.4,,65,"Rain, Partially cloudy",15615099999
2022-06-07,6.9,1.4,3.5,1.3,86.1,0,,,36,2.9,,64.3,Partially cloudy,15615099999
2022-06-08,7.1,2.2,3.6,2.7,94.5,7,rain,,36,314.1,,55,"Rain, Partially cloudy",15615099999
2022-06-09,5.9,0.9,3.3,2.5,95,15.7,rain,,28.8,276.2,,87.5,"Rain, Partially cloudy",15615099999
2022-06-10,4.7,1.2,2.3,2.2,99.4,7,"rain,snow",,21.6,128.4,,,"Snow, Rain, Fog",15615099999
2022-06-11,2.7,0.9,2,2,100,10.8,"rain,snow",,36,56.4,,,"Snow, Rain",15615099999
2022-06-12,2.7,2.4,2.6,2.6,100,40.3,rain,,36,38.6,,,Rain,15615099999
2022-06-13,4.2,1.9,2.8,2.6,98.4,5.3,rain,,36,67,,50,"Rain, Partially cloudy",15615099999
2022-06-14,4.2,2.6,3,2.6,97,10,rain,,21.6,31.5,,30,"Rain, Partially cloudy",15615099999
2022-06-15,5.7,1.4,3.6,2.1,89.6,0,,,21.6,285.3,,28.3,Partially cloudy,15615099999
2022-06-16,6.1,1.2,3.8,2.7,92.8,0,,,28.8,271.5,,50,Partially cloudy,15615099999
2022-06-17,7.4,2.2,4.2,2.5,89.3,0.2,rain,,28.8,321.1,,57.5,"Rain, Partially cloudy",15615099999
2022-06-18,2.4,0.1,1.5,1.2,98.1,11,"rain,snow",,36,48.1,,,"Snow, Rain, Fog",15615099999
2022-06-19,4.1,-1.3,1.2,-0.4,90.2,0,,,36,61.7,,62,Partially cloudy,15615099999
2022-06-20,6.9,-0.6,2.9,1.3,87.9,0,,,21.6,323.8,,47.1,Partially cloudy,15615099999
2022-06-21,7.7,3.7,6.1,3.9,86.1,0,,,36,1.5,,10,Clear,15615099999
2022-06-22,7.7,5.6,6.3,6.1,98.5,4,rain,64.8,50.4,308.9,,40,"Rain, Partially cloudy",15615099999
2022-06-23,7.1,4.2,5.7,5.1,95.8,2,rain,122.4,57.6,304.2,,40,"Rain, Partially cloudy",15615099999
2022-06-24,7.9,1.7,4.1,2.7,91,0,,,28.8,318.1,,64.3,Partially cloudy,15615099999
2022-06-25,8.7,4.2,6.4,3.5,84.1,0.9,rain,,36,320,,75,"Rain, Partially cloudy",15615099999
2022-06-26,6.1,3.4,4.7,4.3,97.2,13,rain,,36,325.5,,,Rain,15615099999
2022-06-27,5.4,3.2,4.4,4.1,98.2,0,,,21.6,17,,80,Partially cloudy,15615099999
2022-06-28,8.7,2.9,5.6,4.1,90.8,0,,,28.8,28.6,,73.3,Partially cloudy,15615099999
2022-06-29,10.2,3.7,7,3.1,78.3,20,rain,,36,42.5,,41.4,"Rain, Partially cloudy",15615099999
2022-06-30,11.4,5.9,8.6,4.2,74.4,0,,,21.6,326,,57.5,Partially cloudy,15615099999
2022-07-01,11.2,6.2,8.8,4.3,74.1,0,,,21.6,12.7,,35.7,Partially cloudy,15615099999
2022-07-02,10.4,6.9,7.9,6.5,91.3,0.2,rain,,28.8,25.9,,80,"Rain, Partially cloudy",15615099999
2022-07-03,9.1,6.1,7.4,6.9,96.8,0.4,rain,,28.8,25.3,,60,"Rain, Partially cloudy",15615099999
2022-07-04,10.1,6.1,8,5.9,86.9,0,,,21.6,40.6,,34.3,Partially cloudy,15615099999
2022-07-05,11.1,6.7,9.3,5.5,78.4,3,rain,,14.4,352.8,,45,"Rain, Partially cloudy",15615099999
2022-07-06,8.4,5.2,6.9,5.6,92,23,rain,,21.6,309.1,,60,"Rain, Partially cloudy",15615099999
2022-07-07,6.9,2.6,4.3,4.1,98.1,0,,,36,344,,,Clear,15615099999
2022-07-08,5.2,2.7,3.8,3.3,96.2,11,rain,,36,82.1,,30,"Rain, Partially cloudy",15615099999
2022-07-09,3.2,1.1,2.1,2.1,100,22,"rain,snow",,36,43.1,,,"Snow, Rain",15615099999
2022-07-10,4.7,0.2,1.8,1.7,99.7,4,"rain,snow",,28.8,20.6,,,"Snow, Rain",15615099999
2022-07-11,3.6,-1.3,0.5,0.2,98,0,,,36,310.3,,30,Partially cloudy,15615099999
2022-07-12,3.9,-2.3,0.7,-1.6,84.9,0,,,36,307.1,,25,Partially cloudy,15615099999
2022-07-13,1.9,-2.3,-0.4,-1,96.2,0,,,21.6,355.1,,60,Partially cloudy,15615099999
2022-07-14,8.2,-0.3,3.9,0.5,80,0,,,36,25.4,,25,Partially cloudy,15615099999
2022-07-15,8.7,4.7,6.8,1.3,69.2,0,,,14.4,36.5,,45,Partially cloudy,15615099999
2022-07-16,11.6,5.4,8.5,4.4,76.3,0.3,rain,,21.6,18,,48,"Rain, Partially cloudy",15615099999
2022-07-17,9.4,4.2,7.3,4.3,81.7,0.3,rain,,36,343.7,,55,"Rain, Partially cloudy",15615099999
2022-07-18,8.6,2.7,5.8,-2.2,60.5,0,,,36,327.9,,24,Partially cloudy,15615099999
2022-07-19,6.9,1.9,4.2,2.1,86.4,0,,,21.6,10.7,,38.6,Partially cloudy,15615099999
2022-07-20,8.7,1.4,4.8,1.8,81.7,0,,,50.4,48.2,,28,Partially cloudy,15615099999
2022-07-21,10.9,3.9,7.1,4,81.3,0,,,21.6,41.6,,52.9,Partially cloudy,15615099999
2022-07-22,12.1,6.4,9.4,3.4,67.8,0,,,28.8,21.7,,32.5,Partially cloudy,15615099999
2022-07-23,14.9,8.7,11.5,0.4,46.6,0,,,14.4,41.1,,45,Partially cloudy,15615099999
2022-07-24,14.7,9.7,11.8,3.9,58.9,0,,,14.4,17.6,,76,Partially cloudy,15615099999
2022-07-25,9.7,5.7,7.7,5,85,3,rain,,14.4,9.3,,90,"Rain, Partially cloudy",15615099999
2022-07-26,12.7,5.4,9.1,4.8,75.5,0,,,28.8,300,,45,Partially cloudy,15615099999
2022-07-27,11.9,7.7,9.8,6,77.1,0,,,28.8,12,,58.6,Partially cloudy,15615099999
2022-07-28,11.7,7.1,8.5,6.5,87.7,7.3,rain,,28.8,120.1,,82.9,"Rain, Partially cloudy",15615099999
2022-07-29,10.9,6.7,8.5,6.4,87.1,0.3,rain,,21.6,228.4,,50,"Rain, Partially cloudy",15615099999
2022-07-30,10.4,7.1,8.6,7.2,91,5,rain,,21.6,188.6,,58.3,"Rain, Partially cloudy",15615099999
2022-07-31,8.2,4.7,6.4,5.3,93.3,11.2,rain,,43.2,310.8,,37.5,"Rain, Partially cloudy",15615099999
2022-08-01,6.7,-0.3,3.4,2.1,91.4,0,,,28.8,315.4,,36.7,Partially cloudy,15615099999
2022-08-02,7.9,1.4,4.8,3.4,91.3,0,,,36,329.6,,47.5,Partially cloudy,15615099999
2022-08-03,6.2,4.2,5.2,3.2,86.9,0,,,21.6,26.5,,70,Partially cloudy,15615099999
2022-08-04,6.9,3.7,5.2,3.8,90.6,0,,,28.8,28.4,,57.1,Partially cloudy,15615099999
2022-08-05,8.6,4.4,6.3,4.4,87.8,0,,,14.4,40.3,,40,Partially cloudy,15615099999
2022-08-06,7.9,5.2,6.5,5.8,95.5,0.1,rain,,21.6,51.2,,76.7,"Rain, Partially cloudy",15615099999
2022-08-07,6.7,5.2,6.3,6.2,99.2,4,rain,,36,46,,,"Rain, Fog",15615099999
2022-08-08,7.6,3.4,5.4,3.6,88.2,0.3,rain,,43.2,37.9,,52.9,"Rain, Partially cloudy",15615099999
2022-08-09,8.1,4.1,5.8,3.2,84.1,0,,,28.8,42.7,,58.3,Partially cloudy,15615099999
2022-08-10,5.6,3.9,4.7,3.8,93.8,0.1,rain,,36,67.9,,62.5,"Rain, Partially cloudy",15615099999
2022-08-11,6.2,3.7,4.9,4.5,97.3,6.4,rain,,14.4,17.9,,30,"Rain, Partially cloudy",15615099999
2022-08-12,5.6,4.1,4.7,4.5,98.1,8,rain,,21.6,157.2,,80,"Rain, Partially cloudy",15615099999
2022-08-13,5.7,3.4,4.3,3.8,96.9,20,rain,,21.6,98.1,,80,"Rain, Partially cloudy",15615099999
2022-08-14,5.9,2.7,4,2.9,92.9,9,rain,,50.4,158.3,,67.5,"Rain, Partially cloudy",15615099999
2022-08-15,8.2,2.9,5.2,4.1,93.1,0,,,28.8,345.8,,36.7,Partially cloudy,15615099999
2022-08-16,9.2,4.2,6.1,4.3,89.5,0.4,rain,,36,299,,52.5,"Rain, Partially cloudy",15615099999
2022-08-17,8.7,4.2,6.9,4.2,84.3,0,,,21.6,343.7,,40,Partially cloudy,15615099999
2022-08-18,11.9,5.2,8,4.6,80.6,0,,,28.8,353.9,,57.5,Partially cloudy,15615099999
2022-08-19,13.9,6.9,9.7,2.3,63.5,0,,,36,15.6,,24.3,Partially cloudy,15615099999
2022-08-20,13.4,7.4,10.4,3.2,65.2,15,rain,,21.6,3,,65.7,"Rain, Partially cloudy",15615099999
2022-08-21,7.7,5.4,6.4,5.3,93.5,30,rain,,28.8,234.8,,82,"Rain, Partially cloudy",15615099999
2022-08-22,6.7,4.4,5.4,5,97.2,28,rain,,28.8,174.1,,76.7,"Rain, Partially cloudy",15615099999
2022-08-23,7.7,4.2,5.6,4.4,92.3,1,rain,,21.6,144.4,,80,"Rain, Partially cloudy",15615099999
2022-08-24,7.9,5.1,6.3,5.3,93.3,4,rain,,28.8,65.9,,50,"Rain, Partially cloudy",15615099999
2022-08-25,7.1,4.4,5.6,5.3,98.2,3,rain,,36,50,,90,"Rain, Partially cloudy",15615099999
2022-08-26,6.1,3.2,4.8,3.2,89.9,0,,,43.2,50,,84,Partially cloudy,15615099999
2022-08-27,8.9,4.4,6.3,3.5,82.4,0,,,28.8,50,,68,Partially cloudy,15615099999
2022-08-28,10.7,5.6,7.3,3.6,77.7,4,rain,,14.4,23.9,,66,"Rain, Partially cloudy",15615099999
2022-08-29,10.2,6.2,7.1,5.1,87.3,0,,,28.8,67.1,,76,Partially cloudy,15615099999
2022-08-30,6.9,5.4,6.1,5.2,94.3,20.2,rain,,28.8,124,,90,"Rain, Partially cloudy",15615099999
2022-08-31,6.4,4.7,5.5,3.1,84.9,9.2,rain,,28.8,105.1,,90,"Rain, Partially cloudy",15615099999
2022-09-01,7.2,4.2,5.8,4.2,89.6,3.7,rain,,21.6,178.2,,56.7,"Rain, Partially cloudy",15615099999
2022-09-02,5.9,3.7,4.7,4.5,98.7,10.4,rain,72,50.4,172.6,,60,"Rain, Partially cloudy",15615099999
2022-09-03,7.9,3.6,5.4,4.6,94.9,0,,,21.6,234.4,,30,Partially cloudy,15615099999
2022-09-04,6.7,1.7,4.2,2.3,87.8,0.2,rain,,36,313.9,,36.7,"Rain, Partially cloudy",15615099999
2022-09-05,4.9,0.9,3.3,1.6,89.5,0,,,36,32.9,,50,Partially cloudy,15615099999
2022-09-06,3.4,0.9,2.3,0.2,86.1,0,,,7.2,44.1,,55,Partially cloudy,15615099999
2022-09-07,6.2,0.7,3.2,1.2,87.6,0,,,21.6,8.7,,42.5,Partially cloudy,15615099999
2022-09-08,8.2,2.9,5.5,1.8,78.2,0,,,28.8,345.5,,40,Partially cloudy,15615099999
2022-09-09,10.4,4.9,7.1,5.1,88.1,0,,,36,272.9,,54.3,Partially cloudy,15615099999
2022-09-10,8.9,6.4,7.2,6.1,93.2,0.1,rain,,36,255.1,,66.7,"Rain, Partially cloudy",15615099999
2022-09-11,6.6,2.4,4.5,2.9,89.8,2,rain,,36,284.5,,50,"Rain, Partially cloudy",15615099999
2022-09-12,2.2,-1.3,-0.1,-0.1,100,5,"rain,snow",,36,326.9,,,"Snow, Rain",15615099999
2022-09-13,0.4,-3.3,-1.7,-1.9,98.7,0,,,28.8,336.1,,50,Partially cloudy,15615099999
2022-09-14,7.9,-2.3,4.4,-7,48.5,0,,,36,349.3,,25,Partially cloudy,15615099999
2022-09-15,12.2,6.9,9.5,2.6,62.6,0,,72,50.4,300.6,,56.3,Partially cloudy,15615099999
2022-09-16,8.7,6.2,7.6,3.7,76.2,0.1,rain,,86.4,257.7,,68.8,"Rain, Partially cloudy",15615099999
2022-09-17,6.4,2.7,4.8,4.1,95,4.2,rain,,86.4,255.5,,60,"Rain, Partially cloudy",15615099999
2022-09-18,3.4,-5.1,-0.4,-0.7,91.6,2.8,"rain,snow",,64.8,280.3,,55,"Snow, Rain, Partially cloudy",15615099999
2022-09-19,2.2,-6.9,-1.7,-14.5,42.3,0,,,28.8,277.4,,18,Clear,15615099999
2022-09-20,-1.1,-5.9,-3.3,-5.4,86.8,0,,,28.8,286.1,,30,Partially cloudy,15615099999
2022-09-21,-4.8,-7.1,-5.9,-8.4,83.7,9,snow,,28.8,287.2,,90,"Snow, Partially cloudy",15615099999
2022-09-22,-3.6,-8.1,-6.3,-6.6,97.5,0,,,28.8,29.8,,40,Partially cloudy,15615099999
2022-09-23,-4.4,-8.3,-6.4,-6.7,98.2,0,,,21.6,295.4,,50,Partially cloudy,15615099999
2022-09-24,0.9,-8.3,-3.8,-16.6,45,0,,,36,306.1,,32.9,Partially cloudy,15615099999
2022-09-25,5.2,0.2,2.9,-19.2,17.9,0,,,50.4,241.3,,47.5,Partially cloudy,15615099999
2022-09-26,5.1,0.6,2.6,0.9,90,0.1,rain,72,64.8,251.4,,63.3,"Rain, Partially cloudy",15615099999
2022-09-27,4.2,1.9,3.3,3.1,98.7,1.1,rain,100.8,86.4,232.7,,,Rain,15615099999
2022-09-28,3.4,-1.1,0.8,0.4,97.2,0,,64.8,50.4,261.7,,70,Partially cloudy,15615099999
2022-09-29,3.9,0.6,2,0.2,88.7,0,,,50.4,211.5,,71.7,Partially cloudy,15615099999
2022-09-30,7.1,1.4,3.9,0,80.2,0,,,36,220.9,,44,Partially cloudy,15615099999
2022-10-01,7.2,3.9,5.3,1.2,77.4,4,rain,316.8,72,240.4,,78.3,"Rain, Partially cloudy",15615099999
2022-10-02,5.2,-3.3,-0.1,-0.1,99.6,13.9,"rain,snow",,50.4,302.4,,90,"Snow, Rain, Partially cloudy",15615099999
2022-10-03,-0.3,-4.8,-2.2,-2.5,97.8,0,,,36,305,,50,Partially cloudy,15615099999
2022-10-04,-2.1,-6.8,-5.2,-5.2,100,0,,,36,345.1,,,Clear,15615099999
2022-10-05,-2.8,-7.6,-4.8,-6.4,90.7,0,,,14.4,25,,36,Partially cloudy,15615099999
2022-10-06,2.2,-1.3,0.9,-5.1,70.8,0,,,50.4,56.2,,80,Partially cloudy,15615099999
2022-10-07,2.6,1.2,1.7,-4.8,63.1,0,,,50.4,55.1,,30,Partially cloudy,15615099999
2022-10-08,4.7,2.1,3.3,-6.1,53,0,,,21.6,25.6,,27.5,Partially cloudy,15615099999
2022-10-09,4.9,2.4,3.9,-9.2,38.6,0,,,28.8,17.7,,66.3,Partially cloudy,15615099999
2022-10-10,6.9,2.7,3.8,-4.8,55.1,0,,,21.6,229.9,,70,Partially cloudy,15615099999
2022-10-11,2.4,-0.1,1.2,-4.3,69,0.2,"rain,snow",,21.6,196.5,,90,"Snow, Rain, Partially cloudy",15615099999
2022-10-12,0.2,-0.8,-0.2,-0.8,95.9,0.4,"rain,snow",,21.6,230,,80,"Snow, Rain, Partially cloudy",15615099999
2022-10-13,0.6,-2.1,-0.9,-1.4,96.8,0,,,7.2,259.5,,95,Overcast,15615099999
2022-10-14,-0.6,-4.8,-3.1,-3.4,97.6,0,,,36,79.3,,100,Overcast,15615099999
2022-10-15,-1.6,-4.1,-3.1,-3.5,97.2,0.7,snow,,28.8,117,,10,Snow,15615099999
2022-10-16,1.6,-4.8,-0.9,-8.8,60.5,0,,,28.8,20,,10,Clear,15615099999
2022-10-17,2.9,0.1,1.6,-14.8,29.1,0,,,36,60.9,,,Clear,15615099999
2022-10-18,7.9,3.9,5.9,-14.7,22,0,,,36,71.5,,,Clear,15615099999
2022-10-19,7.7,-0.1,5.9,-9.1,34.7,0,,,28.8,24,,,Clear,15615099999
2022-10-20,0.7,-2.1,-0.6,-13.4,44.7,0,,,36,9.2,,16.7,Clear,15615099999
2022-10-21,2.2,-1.9,0.4,-15.2,30.8,0,,,28.8,12.1,,25,Partially cloudy,15615099999
2022-10-22,7.2,1.9,4.5,-5.2,54.6,0,,,36,334.9,,31.3,Partially cloudy,15615099999
2022-10-23,4.2,-0.3,1.8,-3.9,69,0,,64.8,50.4,311.3,,51.7,Partially cloudy,15615099999
2022-10-24,4.7,1.1,2.8,0.9,88.8,0,,,43.2,325.6,,30,Partially cloudy,15615099999
2022-10-25,5.4,2.4,3.9,-3.4,59.8,0,,,28.8,323.3,,35,Partially cloudy,15615099999
2022-10-26,3.2,-0.3,1.2,-0.6,88,0,,,36,306.6,,28.3,Partially cloudy,15615099999
2022-10-27,3.2,-1.3,0.3,-2.6,84.2,0,,,21.6,318.1,,57.1,Partially cloudy,15615099999
2022-10-28,1.2,-2.1,-0.3,-6.5,67.1,0,,,36,44.9,,25,Partially cloudy,15615099999
2022-10-29,3.2,-2.1,0.9,-12.8,39.4,0,,,36,43.5,,14,Clear,15615099999
2022-10-30,2.9,0.6,1.7,-4.2,69.1,0,,,50.4,15.3,,42,Partially cloudy,15615099999
2022-10-31,0.4,-0.4,0,-0.3,97.8,0,,86.4,64.8,47.9,,,Clear,15615099999
2022-11-01,2.7,-0.1,1.6,-1.4,81.3,0,,,36,37.2,,20,Clear,15615099999
2022-11-02,3.9,0.7,2.2,-2.7,70.3,0,,,43.2,299.2,,28.3,Partially cloudy,15615099999
2022-11-03,2.9,-0.6,0.5,-2.2,83.1,0,,,28.8,279.7,,63.8,Partially cloudy,15615099999
2022-11-04,2.7,-1.4,-0.1,-4.3,73.8,0,,,43.2,230.6,,56.7,Partially cloudy,15615099999
2022-11-05,1.1,-2.9,-0.8,-7.8,61.6,0,,122.4,64.8,158.4,,88.8,Partially cloudy,15615099999
2022-11-06,-2.8,-5.1,-3.5,-4.4,94,7,snow,144,64.8,80.3,,90,"Snow, Partially cloudy",15615099999
2022-11-07,-0.3,-3.8,-2.1,-3.9,88.1,0,,,21.6,141.1,,52.5,Partially cloudy,15615099999
2022-11-08,-0.1,-3.3,-2.3,-4.4,85.7,0,,,28.8,224.2,,72,Partially cloudy,15615099999
2022-11-09,0.6,-2.3,-0.6,-11.8,43.3,0,,,21.6,1,,10,Clear,15615099999
2022-11-10,4.9,0.2,1.7,-13.3,32.8,0,,,7.2,12.7,,27.5,Partially cloudy,15615099999
2022-11-11,-0.8,-6.4,-3.6,-7.6,79.3,2,snow,,28.8,8.1,,76.7,"Snow, Partially cloudy",15615099999
2022-11-12,-5.6,-8.8,-6.8,-8,91.8,15.8,snow,72,50.4,58.7,,,Snow,15615099999
2022-11-13,1.9,-6.3,-1.5,-8.2,63.7,0.2,snow,72,50.4,137.2,,26,"Snow, Partially cloudy",15615099999
2022-11-14,3.2,0.2,1.5,-8.3,48.5,0,,,7.2,134.6,,10,Clear,15615099999
2022-11-15,1.9,-3.3,-0.5,-6.4,66.1,0,,,21.6,228.5,,41.3,Partially cloudy,15615099999
2022-11-16,-2.6,-4.3,-3.4,-4.6,91.6,1,snow,,36,277.6,,60,"Snow, Partially cloudy",15615099999
2022-11-17,-1.3,-3.1,-2.2,-2.4,98.4,1.1,"rain,snow",72,50.4,239.8,,80,"Snow, Rain, Partially cloudy",15615099999
2022-11-18,-0.6,-5.3,-2.8,-3.1,97.9,0.4,"rain,snow",100.8,72,232.6,,33.3,"Snow, Rain, Partially cloudy",15615099999
2022-11-19,-0.1,-2.3,-1.1,-1.2,98.6,0,,122.4,86.4,244.3,,96.7,Overcast,15615099999
2022-11-20,-0.3,-2.1,-1,-1.1,99.2,0.5,"rain,snow",122.4,86.4,220.4,,95,"Snow, Rain, Overcast",15615099999
2022-11-21,-3.1,-7.6,-4.6,-5,96.7,4,snow,122.4,72,209.9,,,Snow,15615099999
2022-11-22,-3.8,-11.9,-7.5,-8.1,95.7,3.8,snow,122.4,86.4,227.2,,45,"Snow, Partially cloudy",15615099999
2022-11-23,-3.8,-6.6,-5,-5.4,97.5,0.4,snow,122.4,86.4,200.1,,80,"Snow, Partially cloudy",15615099999
2022-11-24,-5.1,-9.9,-7.3,-7.9,95.5,0.6,snow,,36,310.1,,30,"Snow, Partially cloudy",15615099999
2022-11-25,-10.6,-11.8,-11.2,-12.2,92.4,0.4,snow,,50.4,328.8,,,Snow,15615099999
2022-11-26,-10.9,-11.4,-11.2,-13.5,83.6,0,,,50.4,5.3,,37.1,Partially cloudy,15615099999
2022-11-27,-9.1,-12.6,-10.5,-19.4,52.7,0.4,snow,,21.6,45.6,,75,"Snow, Partially cloudy",15615099999
2022-11-28,-9.6,-12.8,-11.2,-11.2,97.9,0.6,snow,,36,119.8,,80,"Snow, Partially cloudy",15615099999
2022-11-29,-6.6,-9.4,-7.6,-7.7,99.2,0.9,snow,,36,50.1,,,Snow,15615099999
2022-11-30,-4.9,-6.6,-5.7,-5.9,98.3,3,snow,,36,53.4,,,Snow,15615099999
2022-12-01,-4.6,-5.1,-5,-5.2,98,25,snow,,50.4,46.2,,,Snow,15615099999
2022-12-02,-2.6,-6.1,-5,-5.4,97.3,0,,,7.2,223.2,,42,Partially cloudy,15615099999
2022-12-03,-4.6,-7.1,-6.2,-6.9,95.5,0,,,21.6,180,,72.5,Partially cloudy,15615099999
2022-12-04,-2.4,-6.8,-4.4,-6,89.2,0,,,28.8,193.7,,70,Partially cloudy,15615099999
2022-12-05,-4.1,-7.8,-5.3,-5.6,97.7,0.8,snow,,21.6,241.7,,50,"Snow, Partially cloudy",15615099999
2022-12-06,-5.9,-8.3,-6.8,-7.7,92.9,0,,,28.8,271,,52.9,Partially cloudy,15615099999
2022-12-07,-3.6,-7.3,-5.8,-6.2,96.7,0,,,21.6,250,,60,Partially cloudy,15615099999
2022-12-08,-4.3,-6.8,-5.1,-6,93.8,0,,64.8,50.4,223.8,,45,Partially cloudy,15615099999
2022-12-09,-2.6,-5.4,-3.8,-4.7,93.9,0.9,snow,72,50.4,247.7,,50,"Snow, Partially cloudy",15615099999
2022-12-10,-0.6,-2.9,-1.7,-2.2,96.3,1.4,"rain,snow",122.4,72,207.5,,,"Snow, Rain",15615099999
2022-12-11,-0.6,-5.4,-2.4,-2.9,96.6,7.6,snow,144,122.4,204.5,,,Snow,15615099999
2022-12-12,-6.3,-9.3,-8.3,-9.7,89.2,0.4,snow,57.6,50.4,258,,90,"Snow, Partially cloudy",15615099999
2022-12-13,-7.8,-14.3,-11,-12.8,86.2,8,snow,64.8,43.2,290.9,,75,"Snow, Partially cloudy",15615099999
2022-12-14,-2.6,-6.1,-4.2,-5.1,93.1,0.4,snow,100.8,64.8,219.5,,,Snow,15615099999
2022-12-15,-1.1,-2.6,-1.7,-2,97.4,0.8,"rain,snow",316.8,144,235.5,,90,"Snow, Rain, Partially cloudy",15615099999
2022-12-16,0.4,-2.3,-0.3,-0.9,95.2,0,,320.4,122.4,237.1,,76.3,Partially cloudy,15615099999
2022-12-17,0.6,-2.6,-1,-1.4,97.6,0.8,"rain,snow",320.4,122.4,235,,60,"Snow, Rain, Partially cloudy",15615099999
2022-12-18,-2.4,-7.3,-4.7,-4.8,99,0,,,36,246.5,,75,Partially cloudy,15615099999
2022-12-19,-7.6,-9.8,-8.7,-18.1,50,0,,,28.8,329.7,,27.5,Partially cloudy,15615099999
2022-12-20,-1.1,-6.8,-3.6,-19.3,30,0,,,43.2,52.8,,56.7,Partially cloudy,15615099999
2022-12-21,1.7,-1.3,0.5,-7.7,54.7,0,,,28.8,53.6,,42,Partially cloudy,15615099999
2022-12-22,0.9,-2.9,-0.4,-5.3,69.7,0,,,28.8,210.5,,26.7,Partially cloudy,15615099999
2022-12-23,-3.3,-8.1,-6.4,-10.6,77.1,0,,,21.6,296.9,,15,Clear,15615099999
2022-12-24,-3.4,-6.9,-5.2,-6.9,89.4,4,snow,,28.8,334.9,,63.3,"Snow, Partially cloudy",15615099999
2022-12-25,-7.1,-9.8,-8.5,-8.9,97.2,4,snow,,36,353.1,,20,Snow,15615099999
2022-12-26,-0.8,-5.3,-3.1,-7.4,75.9,0,,,36,320.2,,10,Clear,15615099999
2022-12-27,-3.1,-5.6,-4.7,-5.5,93.9,0,,64.8,50.4,301.3,,10,Clear,15615099999
2022-12-28,-5.6,-6.6,-6,-6.5,96.2,0.2,snow,,28.8,274,,80,"Snow, Partially cloudy",15615099999
2022-12-29,-3.9,-7.3,-5.8,-9.7,76.6,0,,,21.6,280.5,,10,Clear,15615099999
2022-12-30,-3.8,-7.1,-5.5,-11.5,64.5,0,,,36,293.7,,33.3,Partially cloudy,15615099999
2022-12-31,-4.6,-6.8,-6,-6.8,94.1,0,,,36,346.5,,20,Clear,15615099999
2023-01-01,1.4,-4.1,-0.9,-6.6,67.5,0,,,36,40.5,,26,Partially cloudy,15615099999
2023-01-02,3.2,1.2,2.1,-5.6,57.9,0,,,14.4,317.5,,25,Partially cloudy,15615099999
2023-01-03,2.9,-2.1,0,-7.5,57.7,0,,,21.6,299.1,,26.3,Partially cloudy,15615099999
2023-01-04,-0.3,-5.4,-3.3,-7.8,71.7,0,,,28.8,309.6,,44.3,Partially cloudy,15615099999
2023-01-05,-4.1,-7.4,-5.5,-12.2,64.9,0,,,36,315.1,,43.8,Partially cloudy,15615099999
2023-01-06,-5.9,-10.1,-7.6,-15,64.1,0.2,snow,,50.4,334.4,,38.3,"Snow, Partially cloudy",15615099999
2023-01-07,-2.6,-5.8,-4.2,-21.2,25.2,0,,,36,351,,31.3,Partially cloudy,15615099999
2023-01-08,-3.6,-5.3,-4.4,-21.2,25.6,0,,,50.4,297,,16.7,Clear,15615099999
2023-01-09,-2.8,-6.3,-4.8,-15.7,50.9,0,,64.8,64.8,223.7,,58.3,Partially cloudy,15615099999
2023-01-10,-5.6,-8.9,-6.6,-6.8,98.7,11,snow,72,64.8,174.9,,,Snow,15615099999
2023-01-11,-7.8,-9.6,-9,-9.8,94,0.5,snow,,14.4,120.8,,40,"Snow, Partially cloudy",15615099999
2023-01-12,-5.6,-9.4,-8.4,-8.7,97.7,0,,,21.6,33.3,,46.7,Partially cloudy,15615099999
2023-01-13,-7.9,-9.6,-9,-9.9,93.2,0,,,21.6,64.2,,87.5,Partially cloudy,15615099999
2023-01-14,-8.8,-10.4,-9.8,-10.3,95.9,0,,,28.8,173.4,,60,Partially cloudy,15615099999
2023-01-15,-8.3,-10.8,-9.7,-11.1,90.4,0,,,14.4,203,,10,Clear,15615099999
2023-01-16,-6.4,-8.6,-7.6,-11.6,74.9,0,,,50.4,231.8,,80,Partially cloudy,15615099999
2023-01-17,-4.6,-6.6,-5.6,-5.7,99,0.4,snow,144,100.8,204.8,,,Snow,15615099999
2023-01-18,-4.3,-4.8,-4.6,-4.7,99.2,0.2,snow,316.8,122.4,222.6,,,Snow,15615099999
2023-01-19,-4.8,-5.8,-5.2,-5.7,95.8,7,snow,316.8,122.4,180,,,Snow,15615099999
2023-01-20,-5.6,-9.6,-7.3,-8.7,90.2,18.4,snow,144,122.4,188,,,Snow,15615099999
2023-01-21,-6.8,-11.1,-8.7,-10.5,86.4,4.3,snow,144,100.8,168.5,,45,"Snow, Partially cloudy",15615099999
2023-01-22,-7.3,-8.4,-7.7,-9.2,89.3,0.4,snow,100.8,72,151.5,,,Snow,15615099999
2023-01-23,-6.3,-7.4,-6.7,-7.9,91,8,snow,72,50.4,77.3,,,Snow,15615099999
2023-01-24,-5.8,-8.1,-7.1,-8.6,89,2.4,snow,,36,72.1,,50,"Snow, Partially cloudy",15615099999
2023-01-25,-7.3,-10.3,-8.5,-10.2,87.2,0,,,28.8,181.4,,50,Partially cloudy,15615099999
2023-01-26,-7.3,-8.8,-8.1,-9.7,88.3,1.4,snow,86.4,64.8,149.4,,,Snow,15615099999
2023-01-27,-6.6,-9.4,-8.4,-9.4,92.9,0.9,snow,,36,172.4,,72.5,"Snow, Partially cloudy",15615099999
2023-01-28,-7.8,-13.1,-10.5,-11.3,94.3,0.7,snow,,28.8,21.7,,100,"Snow, Overcast",15615099999
2023-01-29,-9.6,-13.3,-12,-12.6,95.4,1.4,snow,,36,355.9,,40,"Snow, Partially cloudy",15615099999
2023-01-30,-13.6,-15.1,-14.5,-15,95.4,0,,,36,334.8,,36.3,Partially cloudy,15615099999
2023-01-31,-13.6,-16.6,-15.7,-16.3,95.1,16,snow,,36,356.9,,100,"Snow, Overcast",15615099999
2023-02-01,-13.8,-17.1,-15.3,-15.8,95.6,11,snow,,36,342.3,,,Snow,15615099999
2023-02-02,-12.4,-14.8,-13.5,-14,96,13.2,snow,72,50.4,317.8,,,"Snow, Fog",15615099999
2023-02-03,-13.1,-16.6,-15.3,-15.3,100,15.5,snow,86.4,50.4,325.1,,80,"Snow, Partially cloudy",15615099999
2023-02-04,-12.1,-16.4,-13.7,-13.7,100,21,snow,72,50.4,322.5,,,Snow,15615099999
2023-02-05,-17.9,-22.9,-20.5,-20.7,98.8,8,snow,,43.2,7.1,,,Snow,15615099999
2023-02-06,-17.9,-24.4,-22,-23.7,86.4,6.4,snow,,43.2,26,,10,Snow,15615099999
2023-02-07,-20.6,-23.4,-22.3,-24.8,80.1,0,,,43.2,30.8,,20,Clear,15615099999
2023-02-08,-19.4,-22.8,-21,-23.4,81.1,0,,,36,39,,10,Clear,15615099999
2023-02-09,-13.4,-19.4,-15.6,-17.7,83.9,0,,,36,88,,26.7,Partially cloudy,15615099999
2023-02-10,-11.6,-14.4,-13.1,-15.3,83.5,0,,,28.8,21.8,,15,Clear,15615099999
2023-02-11,-10.6,-15.3,-12.5,-20,56.7,0,,,36,12.1,,16.7,Clear,15615099999
2023-02-12,-12.1,-13.6,-12.6,-13.5,94.4,1,snow,,43.2,2,,80,"Snow, Partially cloudy",15615099999
2023-02-13,-8.6,-14.3,-10.8,-22.4,44.5,0,,,36,18.4,,14,Clear,15615099999
2023-02-14,-7.6,-9.8,-8.5,-17.5,50.5,0,,,50.4,8.3,,21.7,Partially cloudy,15615099999
2023-02-15,-8.1,-11.3,-9.1,-14.6,65.6,0,,,43.2,18,,,Clear,15615099999
2023-02-16,-5.3,-9.1,-6.3,-14.7,52.8,0,,,43.2,348.4,,16.7,Clear,15615099999
2023-02-17,-6.1,-8.6,-7.4,-11.9,70.5,0,,,36,312.6,,70,Partially cloudy,15615099999
2023-02-18,-3.8,-8.1,-5.8,-6.9,92.3,0,,,43.2,317.1,,72.5,Partially cloudy,15615099999
2023-02-19,-1.4,-6.1,-4.1,-6.5,84.3,0,,,50.4,298.3,,90,Partially cloudy,15615099999
2023-02-20,-6.8,-10.6,-9.3,-10,94.9,0,,,43.2,322.9,,30,Partially cloudy,15615099999
2023-02-21,-2.4,-5.8,-4.1,-10,64.7,0,,,43.2,320,,55.7,Partially cloudy,15615099999
2023-02-22,-1.3,-5.1,-3.7,-6.7,79.8,0,,,36,293.5,,25,Partially cloudy,15615099999
2023-02-23,-1.4,-5.6,-4.4,-7.3,81,0,,,28.8,242.6,,62,Partially cloudy,15615099999
2023-02-24,-5.4,-7.1,-6,-7.1,92,0.2,snow,72,57.6,264.9,,,Snow,15615099999
2023-02-25,-3.8,-8.1,-5.5,-7.1,88.9,0.3,snow,316.8,122.4,254.2,,76.7,"Snow, Partially cloudy",15615099999
2023-02-26,-4.3,-6.1,-5.1,-6.6,89.6,0,,316.8,144,217,,86.7,Partially cloudy,15615099999
2023-02-27,-4.4,-6.6,-5.4,-6.5,92,0.3,snow,122.4,100.8,211.1,,,Snow,15615099999
2023-02-28,-3.6,-7.1,-5.6,-6.9,90.2,4,snow,,43.2,181,,90,"Snow, Partially cloudy",15615099999
2023-03-01,-2.6,-5.9,-4.8,-5.8,92.6,2,snow,,43.2,172.4,,90,"Snow, Partially cloudy",15615099999
2023-03-02,-2.1,-7.3,-5.3,-6.4,91.9,0.2,snow,,7.2,230.8,,70,"Snow, Partially cloudy",15615099999
2023-03-03,-3.6,-10.1,-6.6,-8.1,89.1,4,snow,,21.6,200,,,Snow,15615099999
2023-03-04,-6.1,-11.4,-8.8,-10.3,88.6,0.5,snow,,36,200,,90,"Snow, Partially cloudy",15615099999
2023-03-05,-0.4,-11.4,-7.9,-10.2,84.5,0,,,28.8,200,,30,Partially cloudy,15615099999
2023-03-06,-9.3,-13.8,-10.9,-13.4,82.6,0.4,snow,,43.2,279.2,,50,"Snow, Partially cloudy",15615099999
2023-03-07,-6.1,-10.1,-8.5,-9.6,91.7,0.7,snow,,36,251.6,,52,"Snow, Partially cloudy",15615099999
2023-03-08,-5.3,-9.6,-7.6,-10.3,81.1,0,,,36,271.6,,43.3,Partially cloudy,15615099999
2023-03-09,-2.9,-8.1,-5,-5.5,95.7,0,,,36,282.3,,62.5,Partially cloudy,15615099999
2023-03-10,-2.8,-5.1,-3.9,-3.9,100,0.3,snow,72,50.4,228.1,,90,"Snow, Partially cloudy",15615099999
2023-03-11,-4.6,-7.3,-5.9,-6.1,98.1,9.1,snow,72,50.4,287.4,,,Snow,15615099999
2023-03-12,-11.6,-15.3,-13.1,-14.8,88.3,5,snow,,50.4,325.2,,40,"Snow, Partially cloudy",15615099999
2023-03-13,-5.8,-12.1,-8.3,-17,50.9,0,,,43.2,47.1,,30,Partially cloudy,15615099999
2023-03-14,-1.6,-5.3,-2.7,-12.1,50.1,0,,,28.8,251.1,,55,Partially cloudy,15615099999
2023-03-15,-2.4,-7.9,-5.3,-10.8,71.9,0.1,snow,,36,228.7,,80,"Snow, Partially cloudy",15615099999
2023-03-16,-7.8,-10.3,-9.1,-9.1,100,0,,,14.4,16.1,,,Clear,15615099999
2023-03-17,-8.6,-10.8,-9.7,-11.8,87.7,1,snow,,28.8,44.1,,23.3,"Snow, Partially cloudy",15615099999
2023-03-18,-6.8,-14.1,-10.3,-14,76.7,0.3,snow,,50.4,6.1,,25,"Snow, Partially cloudy",15615099999
2023-03-19,-2.9,-6.4,-4,-9.3,66.9,0,,,28.8,29.5,,30,Partially cloudy,15615099999
2023-03-20,1.7,-3.3,-0.9,-8,58.4,0,,,28.8,308.9,,71.3,Partially cloudy,15615099999
2023-03-21,-1.3,-4.3,-2.6,-6.6,74,0,,,36,158.4,,90,Partially cloudy,15615099999
2023-03-22,-5.1,-7.8,-6.2,-6.2,100,1,snow,,28.8,40,,,Snow,15615099999
2023-03-23,-3.8,-8.1,-6.4,-6.9,96.5,0,,,28.8,14.8,,20,Clear,15615099999
2023-03-24,-0.8,-7.1,-3,-8,71,0,,,36,337.4,,51.3,Partially cloudy,15615099999
2023-03-25,1.7,-3.8,-2,-3.7,88.4,0.6,snow,,28.8,297.7,,70,"Snow, Partially cloudy",15615099999
2023-03-26,-4.1,-8.3,-6.2,-7.6,89.9,0,,,43.2,288.7,,47.5,Partially cloudy,15615099999
2023-03-27,-4.3,-9.6,-6.2,-7.5,90.7,0,,144,100.8,232,,74,Partially cloudy,15615099999
2023-03-28,-8.6,-17.9,-14.7,-14.9,98.3,11.2,snow,,50.4,328.4,,,Snow,15615099999
2023-03-29,-14.9,-20.4,-18.1,-19.7,88.4,0,,,50.4,332.4,,66.7,Partially cloudy,15615099999
2023-03-30,-7.1,-14.4,-10.5,-12.9,83,0,,,43.2,321.5,,,Clear,15615099999
2023-03-31,-2.1,-5.4,-4.1,-5,93.3,0,,,43.2,297,,40,Partially cloudy,15615099999
2023-04-01,-3.1,-5.8,-4.2,-5.6,90,6,snow,86.4,64.8,262,,66,"Snow, Partially cloudy",15615099999
2023-04-02,-3.6,-9.3,-7.1,-10.5,76.8,0,,64.8,50.4,284.9,,66,Partially cloudy,15615099999
2023-04-03,-5.1,-8.1,-6.7,-8.8,84.7,21,snow,64.8,43.2,353.4,,23.3,"Snow, Partially cloudy",15615099999
2023-04-04,-2.1,-7.4,-5.2,-7,86.7,22.8,snow,64.8,50.4,104.2,,40,"Snow, Partially cloudy",15615099999
2023-04-05,-3.8,-10.9,-7.1,-9.4,83.5,0.5,snow,,28.8,223.1,,65,"Snow, Partially cloudy",15615099999
2023-04-06,-5.1,-12.6,-9.9,-12.5,80.9,0,,,36,282.2,,10,Clear,15615099999
2023-04-07,-8.3,-15.1,-11.7,-16.4,70.1,0,,,21.6,251.9,,18,Clear,15615099999
2023-04-08,-7.6,-11.1,-9.6,-10.6,92.3,1,snow,,28.8,223.1,,80,"Snow, Partially cloudy",15615099999
2023-04-09,-4.6,-10.1,-8.1,-9.3,91.1,1.3,snow,,21.6,138.3,,60,"Snow, Partially cloudy",15615099999
2023-04-10,-7.8,-10.3,-9.1,-10.2,91.6,3,snow,,36,42.8,,60,"Snow, Partially cloudy",15615099999
2023-04-11,-7.8,-9.6,-9,-10.1,91.5,10,snow,,36,5.3,,,Snow,15615099999
2023-04-12,-8.3,-9.6,-8.8,-9.9,91.4,4.2,snow,,50.4,311.2,,50,"Snow, Partially cloudy",15615099999
2023-04-13,-2.6,-12.4,-7,-8.1,91.7,0,,,50.4,304.8,,35,Partially cloudy,15615099999
2023-04-14,-2.3,-9.3,-3.9,-4.5,96,2,snow,122.4,86.4,202.1,,74,"Snow, Partially cloudy",15615099999
2023-04-15,-5.3,-9.1,-7.4,-8.2,94,0,,72,50.4,202.8,,55,Partially cloudy,15615099999
2023-04-16,-3.3,-6.8,-5.4,-5.8,96.7,3.1,snow,,21.6,114.4,,90,"Snow, Partially cloudy",15615099999
2023-04-17,-4.1,-7.3,-5.5,-5.5,100,2.1,snow,,36,133.2,,40,"Snow, Partially cloudy",15615099999
2023-04-18,-4.1,-7.1,-5.5,-5.8,97.7,2,snow,,21.6,128.5,,30,"Snow, Partially cloudy",15615099999
2023-04-19,-1.9,-6.3,-4.7,-4.9,98.9,7,"rain,snow",,21.6,25.9,,,"Snow, Rain",15615099999
2023-04-20,-3.9,-7.6,-6,-6.1,99.2,3.6,snow,,36,317.3,,,Snow,15615099999
2023-04-21,-2.1,-7.1,-4.8,-5.1,98.2,0.4,snow,,28.8,328.3,,,Snow,15615099999
2023-04-22,-3.1,-8.3,-5.3,-6,94.9,0.3,snow,,21.6,330.9,,80,"Snow, Partially cloudy",15615099999
2023-04-23,-3.4,-7.6,-5.5,-6.6,92.3,0.4,snow,,21.6,6.4,,50,"Snow, Partially cloudy",15615099999
2023-04-24,-1.3,-4.9,-3.2,-4.2,92.5,6.6,snow,,36,274,,90,"Snow, Partially cloudy",15615099999
2023-04-25,-2.8,-4.6,-3.7,-4.2,96.2,4.4,snow,,50.4,250,,,Snow,15615099999
2023-04-26,-2.3,-8.1,-5.7,-6.3,95.7,17,snow,,36,323.1,,,Snow,15615099999
2023-04-27,-6.6,-9.1,-8.2,-8.6,97,6,snow,,43.2,338.3,,23.3,"Snow, Partially cloudy",15615099999
2023-04-28,-6.3,-12.6,-9.3,-11.7,83.4,2,snow,,36,346.9,,25,"Snow, Partially cloudy",15615099999
2023-04-29,-3.8,-8.3,-5.6,-10.9,69.8,0,,,43.2,330.8,,75,Partially cloudy,15615099999
2023-04-30,-2.4,-4.6,-3.8,-4,98.8,4,snow,,28.8,322.1,,,Snow,15615099999
2023-05-01,-2.1,-5.4,-3.8,-4.1,98,0,,,72,106.2,,60,Partially cloudy,15615099999
2023-05-02,-1.8,-5.1,-3.3,-4,95.3,0,,,36,121.1,,75,Partially cloudy,15615099999
2023-05-03,-1.1,-4.6,-3.2,-3.5,97.7,10,snow,,50.4,101.4,,90,"Snow, Partially cloudy",15615099999
2023-05-04,-0.1,-3.8,-2.4,-3,95.8,6.6,"rain,snow",,43.2,154.2,,,"Snow, Rain, Fog",15615099999
2023-05-05,-2.1,-3.8,-3,-4.1,92,0,,,21.6,355.3,,35.7,Partially cloudy,15615099999
2023-05-06,-1.8,-5.1,-3.4,-4.1,96,0,,,43.2,51.5,,45,Partially cloudy,15615099999
2023-05-07,0.9,-4.3,-1.8,-3.1,91.4,0,,,21.6,299.9,,63.3,Partially cloudy,15615099999
2023-05-08,0.6,-1.8,-0.4,-0.7,97.6,8,"rain,snow",,36,317.3,,80,"Snow, Rain, Partially cloudy",15615099999
2023-05-09,-0.1,-1.8,-1,-1.5,96.3,6,"rain,snow",,21.6,301.6,,,"Snow, Rain",15615099999
2023-05-10,0.2,-3.6,-2.2,-2.9,95,4.2,"rain,snow",,21.6,274.5,,,"Snow, Rain",15615099999
2023-05-11,0.2,-3.3,-2.2,-2.9,94.8,0,,,21.6,269.1,,,Clear,15615099999
2023-05-12,-0.8,-3.6,-2.3,-3.6,90.9,1.1,"rain,snow",,21.6,208.9,,80,"Snow, Rain, Partially cloudy",15615099999
2023-05-13,0.1,-3.1,-1.7,-3.5,87.8,0.8,snow,,21.6,245.3,,96.7,"Snow, Overcast",15615099999
2023-05-14,1.2,-1.1,0.1,-1,92.8,3.6,"rain,snow",122.4,86.4,245.1,,,"Snow, Rain",15615099999
2023-05-15,3.4,1.6,2.4,0.6,88,0.1,"rain,snow",122.4,86.4,228,,98,"Snow, Rain, Overcast",15615099999
2023-05-16,3.7,-0.4,2.2,-0.3,83.9,3,"rain,snow",122.4,86.4,162.3,,98,"Snow, Rain, Overcast",15615099999
2023-05-17,-0.1,-1.4,-0.7,-1.4,94.7,9,"rain,snow",86.4,64.8,158.5,,,"Snow, Rain, Fog",15615099999
2023-05-18,-0.9,-3.1,-1.7,-2.2,96.5,1.2,"rain,snow",,28.8,26.6,,,"Snow, Rain",15615099999
2023-05-19,-0.4,-3.1,-2.1,-2.1,100,0.5,"rain,snow",,36,47.5,,80,"Snow, Rain, Partially cloudy",15615099999
2023-05-20,-0.8,-3.8,-1.7,-1.9,98.8,3,"rain,snow",,50.4,45.8,,20,"Snow, Rain",15615099999
2023-05-21,-1.6,-3.1,-2.2,-2.2,100,1,"rain,snow",86.4,50.4,44.6,,,"Snow, Rain, Fog",15615099999
2023-05-22,-1.1,-2.6,-1.7,-1.7,100,2,"rain,snow",,50.4,45.4,,70,"Snow, Rain, Partially cloudy",15615099999
2023-05-23,0.1,-3.9,-1.6,-1.8,98.4,1.1,"rain,snow",,50.4,25.6,,47.5,"Snow, Rain, Partially cloudy",15615099999
2023-05-24,1.2,-2.9,-0.8,-1.8,92.9,0,,,36,17.1,,48.3,Partially cloudy,15615099999
2023-05-25,1.4,-0.9,0.1,-0.6,95.5,6,"rain,snow",,21.6,26.6,,30,"Snow, Rain, Partially cloudy",15615099999
2023-05-26,0.7,-0.8,-0.4,-0.6,98.6,3,"rain,snow",,36,52.3,,80,"Snow, Rain, Partially cloudy",15615099999
2023-05-27,0.4,-0.9,-0.3,-0.3,99.6,0.4,"rain,snow",,50.4,46.7,,,"Snow, Rain",15615099999
2023-05-28,0.2,-0.6,-0.2,-0.3,99.5,6.4,"rain,snow",,50.4,50.7,,,"Snow, Rain",15615099999
2023-05-29,1.1,-1.3,-0.1,-0.1,99.7,0.3,"rain,snow",,28.8,50,,,"Snow, Rain",15615099999
2023-05-30,2.1,-1.1,0.6,0.2,97.5,7.3,"rain,snow",,28.8,55.6,,50,"Snow, Rain, Partially cloudy",15615099999
2023-05-31,2.2,0.2,0.8,0.7,98.8,5,"rain,snow",,36,99.6,,90,"Snow, Rain, Partially cloudy",15615099999
2023-06-01,2.4,-0.3,0.8,-2.2,81.8,0.3,"rain,snow",,36,96.6,,58.3,"Snow, Rain, Partially cloudy",15615099999
2023-06-02,2.9,1.2,2.1,0.3,88.1,2,rain,,21.6,119.3,,72.5,"Rain, Partially cloudy",15615099999
2023-06-03,2.6,1.2,1.9,0.3,89.1,10,"rain,snow",,14.4,14.5,,88.3,"Snow, Rain, Partially cloudy",15615099999
2023-06-04,2.9,1.4,1.9,1.2,95.5,9.4,"rain,snow",,14.4,154.3,,80,"Snow, Rain, Partially cloudy",15615099999
2023-06-05,4.4,1.9,2.9,2,93.7,0.3,rain,,21.6,172.3,,46.7,"Rain, Partially cloudy",15615099999
2023-06-06,4.6,2.7,3.7,2.5,92.4,2,rain,,21.6,163.8,,76,"Rain, Partially cloudy",15615099999
2023-06-07,5.2,3.4,4.3,1,79.9,0,,,14.4,163.3,,66.3,Partially cloudy,15615099999
2023-06-08,5.7,3.4,4.2,2.3,87.6,0,,,21.6,126.4,,55,Partially cloudy,15615099999
2023-06-09,4.9,-3.6,2,1.4,86.2,0,,,21.6,351.7,,42.5,Partially cloudy,15615099999
2023-06-10,3.9,2.4,3.1,2.8,98,4,rain,,7.2,317.6,,90,"Rain, Partially cloudy",15615099999
2023-06-11,3.2,1.6,2.2,1.6,96.1,2,rain,,21.6,43.7,,80,"Rain, Partially cloudy",15615099999
2023-06-12,3.4,1.4,2.2,1.7,96.5,0.2,rain,,21.6,111.2,,90,"Rain, Partially cloudy",15615099999
2023-06-13,3.9,1.2,2.5,1.7,95.3,14.4,rain,,28.8,195.2,,40,"Rain, Partially cloudy",15615099999
2023-06-14,5.1,2.1,3.4,1.9,90.8,1.4,rain,,21.6,183,,46.7,"Rain, Partially cloudy",15615099999
2023-06-15,3.9,2.2,3.3,3,98.2,6.3,rain,,50.4,181.2,,90,"Rain, Partially cloudy",15615099999
2023-06-16,4.7,2.4,3.4,2.9,96.5,8.3,rain,72,50.4,162.6,,88,"Rain, Partially cloudy",15615099999
2023-06-17,2.9,1.9,2.4,1.9,96.4,0.9,rain,,36,95.1,,60,"Rain, Partially cloudy",15615099999
2023-06-18,2.9,1.7,2.1,1.8,98.1,17.8,"rain,snow",,28.8,50,,,"Snow, Rain",15615099999
2023-06-19,4.7,1.4,3.2,2.8,97.2,0,,,28.8,15.4,,85,Partially cloudy,15615099999
2023-06-20,6.1,0.9,3.2,0.8,85.6,0,,,43.2,2.4,,45,Partially cloudy,15615099999
2023-06-21,9.1,1.9,5.3,1.8,79.6,0,,,43.2,33.7,,32,Partially cloudy,15615099999
2023-06-22,7.9,3.9,5.6,3.2,84.4,2,rain,,36,15.6,,40,"Rain, Partially cloudy",15615099999
2023-06-23,10.4,5.2,7.7,6.5,92.2,0,,,28.8,20.9,,33.3,Partially cloudy,15615099999
2023-06-24,10.1,6.7,8.2,4.7,79.9,2,rain,,28.8,12.1,,57.5,"Rain, Partially cloudy",15615099999
2023-06-25,7.4,4.9,6.1,5.4,95.3,2.6,rain,,21.6,329.1,,90,"Rain, Partially cloudy",15615099999
2023-06-26,4.9,3.4,4.2,4.2,100,16.3,rain,,21.6,6.3,,,Rain,15615099999
2023-06-27,6.2,2.2,4.3,4,97.9,1,rain,,21.6,1.4,,30,"Rain, Partially cloudy",15615099999
2023-06-28,7.7,3.6,5.3,4.7,96.2,2,rain,,36,273.8,,60,"Rain, Partially cloudy",15615099999
2023-06-29,6.1,0.4,2.7,0.3,85.6,8.7,"rain,snow",86.4,50.4,292.9,,35,"Snow, Rain, Partially cloudy",15615099999
2023-06-30,9.9,1.9,5.5,-3,56.3,0,,,21.6,305.4,,20,Clear,15615099999
2023-07-01,9.7,3.2,6.1,2.9,79.7,0.4,rain,,28.8,291.3,,72.5,"Rain, Partially cloudy",15615099999
2023-07-02,6.9,3.2,5.1,3,87.6,14,rain,,43.2,243.7,,75,"Rain, Partially cloudy",15615099999
2023-07-03,7.9,3.2,5.6,4.1,91.2,0,,,21.6,0.2,,47.5,Partially cloudy,15615099999
2023-07-04,9.7,5.1,7.5,4.7,83.7,0.4,rain,,21.6,226.3,,57.5,"Rain, Partially cloudy",15615099999
2023-07-05,8.4,6.1,7.2,5,85.9,13,rain,,14.4,74.2,,68,"Rain, Partially cloudy",15615099999
2023-07-06,8.1,5.2,6.5,4.8,89.5,6,rain,,7.2,94.2,,72,"Rain, Partially cloudy",15615099999
2023-07-07,6.4,4.9,5.9,5,94.5,8,rain,,36,347.5,,10,Rain,15615099999
2023-07-08,4.4,2.1,3.5,3.5,99.8,0,,,43.2,348.4,,,Clear,15615099999
2023-07-09,8.7,2.6,5.7,-0.4,70.9,0,,,36,358.5,,24,Partially cloudy,15615099999
2023-07-10,8.9,4.4,6.5,-0.7,64.3,0,,,21.6,352.7,,20,Clear,15615099999
2023-07-11,10.6,3.2,6.7,3.7,81.5,0,,,28.8,10.5,,21.7,Partially cloudy,15615099999
2023-07-12,14.2,6.7,10,6.1,78,0,,,36,322.5,,30,Partially cloudy,15615099999
2023-07-13,17.6,9.4,12.5,3.1,54,0,,,28.8,298.8,,23.3,Partially cloudy,15615099999
2023-07-14,16.2,12.2,13.8,3.8,51.8,0,,,36,272.7,,23.3,Partially cloudy,15615099999
2023-07-15,14.6,9.6,11.7,9.4,86.1,0,,,28.8,262,,56,Partially cloudy,15615099999
2023-07-16,14.7,9.1,11.3,9,86.8,0,,,21.6,299,,50,Partially cloudy,15615099999
2023-07-17,13.7,8.2,11.1,5.7,71.4,0,,,21.6,346,,30,Partially cloudy,15615099999
2023-07-18,10.4,7.7,9.1,7.2,88.5,0.3,rain,,43.2,14,,70,"Rain, Partially cloudy",15615099999
2023-07-19,14.2,7.2,10.7,4.5,68.1,0,,,36,10.1,,10,Clear,15615099999
2023-07-20,13.4,9.4,11,6.9,76.8,1,rain,,36,246.8,,38,"Rain, Partially cloudy",15615099999
2023-07-21,13.6,8.1,10.6,6.2,76.4,0,,,28.8,291.9,,15,Clear,15615099999
2023-07-22,15.7,9.6,12.6,5.5,62.5,0,,,43.2,277.7,,23.3,Partially cloudy,15615099999
2023-07-23,11.1,7.2,9.5,1.7,58.7,0,,72,50.4,295,,26,Partially cloudy,15615099999
2023-07-24,13.1,7.2,10,2.8,61.3,0,,,21.6,311.2,,22,Partially cloudy,15615099999
2023-07-25,18.1,9.9,13.6,3,50.3,0,,,36,305.6,,25,Partially cloudy,15615099999
2023-07-26,14.9,9.9,12.9,2.4,49.9,1,rain,100.8,72,235.3,,35.7,"Rain, Partially cloudy",15615099999
2023-07-27,7.1,0.9,3.1,1.2,89.2,0.1,"rain,snow",,36,309.6,,23.3,"Snow, Rain, Partially cloudy",15615099999
2023-07-28,11.2,1.9,6.4,-7.8,38,0,,,36,317.4,,10,Clear,15615099999
2023-07-29,10.7,4.7,7.6,3.1,73.7,0,,,28.8,352.3,,32.9,Partially cloudy,15615099999
2023-07-30,11.1,5.4,8.5,4.8,78.2,0,,,14.4,312.9,,45.7,Partially cloudy,15615099999
2023-07-31,7.9,5.2,6.3,5.6,95.9,0.3,rain,,36,313.8,,50,"Rain, Partially cloudy",15615099999
2023-08-01,10.4,3.7,7.5,3.8,79.1,0,,,21.6,266,,33.3,Partially cloudy,15615099999
2023-08-02,12.4,6.7,9.3,5.7,79.1,0,,,36,279.4,,61.3,Partially cloudy,15615099999
2023-08-03,15.1,7.9,11.6,7.8,78.6,0,,,21.6,226.8,,64,Partially cloudy,15615099999
2023-08-04,15.4,9.7,12,9.1,82.9,0,,,21.6,124.7,,57.1,Partially cloudy,15615099999
2023-08-05,14.2,9.1,11.2,4.3,66.8,0,,,36,132.9,,27.5,Partially cloudy,15615099999
2023-08-06,7.6,4.7,6.3,5,91.7,7.5,rain,122.4,64.8,197.2,,60,"Rain, Partially cloudy",15615099999
2023-08-07,11.1,1.1,4.9,0.6,76.8,0,,64.8,50.4,260.6,,37.5,Partially cloudy,15615099999
2023-08-08,6.2,1.2,3.5,2.3,92.5,0.7,rain,,36,258,,,"Rain, Fog",15615099999
2023-08-09,7.6,2.2,4.9,-3.9,60.9,0,,,21.6,199.5,,50,Partially cloudy,15615099999
2023-08-10,3.6,-0.3,2.1,1.4,95,10.3,"rain,snow",,21.6,207.5,,96.7,"Snow, Rain, Overcast",15615099999
2023-08-11,4.4,-0.1,1.9,1.5,97.3,0,,,36,56.2,,10,Clear,15615099999
2023-08-12,3.9,-2.1,2.5,2,91.2,0,,,21.6,39.2,,84,Partially cloudy,15615099999
2023-08-13,8.7,1.9,4.5,3.2,91.9,0,,,43.2,42.5,,72.5,Partially cloudy,15615099999
2023-08-14,6.9,3.1,5.7,4.9,95.1,0,,,50.4,50,,30,Partially cloudy,15615099999
2023-08-15,8.1,5.4,6.8,6.8,100,0,,,50.4,55.2,,,Clear,15615099999
2023-08-16,10.7,5.2,7.9,6.1,88.9,0,,,21.6,70.7,,16.7,Clear,15615099999
2023-08-17,11.9,7.1,8.5,4.3,76.2,0,,,36,101.2,,23.3,Partially cloudy,15615099999
2023-08-18,13.1,7.7,10.2,4.5,71.2,0,,,28.8,86.2,,38.3,Partially cloudy,15615099999
2023-08-19,13.7,9.2,11.1,-3.3,39.8,0,,,43.2,86.3,,40,Partially cloudy,15615099999
2023-08-20,13.7,8.4,11.2,-4.8,35.5,0,,64.8,50.4,63.7,,33.8,Partially cloudy,15615099999
2023-08-21,10.2,7.1,8.3,4.8,79.1,0.2,rain,64.8,50.4,50,,56,"Rain, Partially cloudy",15615099999
2023-08-22,11.7,6.7,8.8,6.1,85,0,,,50.4,51.2,,46,Partially cloudy,15615099999
2023-08-23,13.1,8.4,9.9,5.6,75.2,0,,,21.6,70.6,,43.8,Partially cloudy,15615099999
2023-08-24,9.6,7.7,8.8,6.6,86.1,1,rain,,21.6,51.5,,50,"Rain, Partially cloudy",15615099999
2023-08-25,10.9,7.7,9.1,5.6,79.4,0,,,21.6,24.5,,30,Partially cloudy,15615099999
2023-08-26,10.7,7.9,9.5,8.1,91.1,0,,,21.6,56.9,,54,Partially cloudy,15615099999
2023-08-27,11.2,6.7,8.9,6.1,83.4,0,,,28.8,44.5,,42.5,Partially cloudy,15615099999
2023-08-28,14.9,7.6,11.1,4.5,66,0,,,21.6,345,,26.7,Partially cloudy,15615099999
2023-08-29,11.2,6.7,9.2,5.8,79.8,0,,,28.8,176.3,,42.5,Partially cloudy,15615099999
2023-08-30,10.1,5.4,7,4.1,82,0,,,36,178.9,,47.5,Partially cloudy,15615099999
2023-08-31,7.9,3.4,4.9,3.3,89.9,0,,,28.8,239.1,,74,Partially cloudy,15615099999
2023-09-01,6.6,2.7,4.5,3.2,91.5,0,,,7.2,243.2,,20,Clear,15615099999
